lat	lon	value
40.739383697509766	-73.98766326904297	1197.5694986014826
40.739383697509766	-73.98766326904297	1197.5694986014826
40.739383697509766	-73.98766326904297	1197.5694986014826
40.739383697509766	-73.98766326904297	1197.5694986014826
40.739383697509766	-73.98766326904297	1197.5694986014826
40.739383697509766	-73.98766326904297	1197.5694986014826
40.739383697509766	-73.98766326904297	1197.5694986014826
40.739383697509766	-73.98766326904297	1197.5694986014826
40.739383697509766	-73.98766326904297	1197.5694986014826
40.739383697509766	-73.98766326904297	1197.5694986014826
40.739383697509766	-73.98766326904297	1197.5694986014826
40.7398681640625	-73.98162078857422	1205.4817472576406
40.7398681640625	-73.98162078857422	1205.4817472576406
40.7398681640625	-73.98162078857422	1205.4817472576406
40.7398681640625	-73.98162078857422	1205.4817472576406
40.7398681640625	-73.98162078857422	1205.4817472576406
40.7398681640625	-73.98162078857422	1205.4817472576406
40.7398681640625	-73.98162078857422	1205.4817472576406
40.7398681640625	-73.98162078857422	1205.4817472576406
40.7398681640625	-73.98162078857422	1205.4817472576406
40.7398681640625	-73.98162078857422	1205.4817472576406
40.7398681640625	-73.98162078857422	1205.4817472576406
40.7398681640625	-73.98162078857422	1205.4817472576406
40.7398681640625	-73.98162078857422	1205.4817472576406
40.7398681640625	-73.98162078857422	1205.4817472576406
40.7398681640625	-73.98162078857422	1205.4817472576406
40.72562026977539	-73.99064636230469	1159.426423218677
40.72562026977539	-73.99064636230469	1159.426423218677
40.72562026977539	-73.99064636230469	1159.426423218677
40.7288703918457	-73.9885482788086	1131.1746944623212
40.7288703918457	-73.9885482788086	1131.1746944623212
40.7288703918457	-73.9885482788086	1131.1746944623212
40.7288703918457	-73.9885482788086	1131.1746944623212
40.7288703918457	-73.9885482788086	1131.1746944623212
40.7288703918457	-73.9885482788086	1131.1746944623212
40.7288703918457	-73.9885482788086	1131.1746944623212
40.7288703918457	-73.9885482788086	1131.1746944623212
40.7288703918457	-73.9885482788086	1131.1746944623212
40.7288703918457	-73.9885482788086	1131.1746944623212
40.7288703918457	-73.9885482788086	1131.1746944623212
40.7288703918457	-73.9885482788086	1131.1746944623212
40.7288703918457	-73.9885482788086	1131.1746944623212
40.7288703918457	-73.9885482788086	1131.1746944623212
40.7288703918457	-73.9885482788086	1131.1746944623212
40.72467803955078	-74.00617980957031	1377.2632074712185
40.72467803955078	-74.00617980957031	1377.2632074712185
40.72467803955078	-74.00617980957031	1377.2632074712185
40.72230529785156	-74.0104751586914	1514.8821130349056
40.72230529785156	-74.0104751586914	1514.8821130349056
40.72230529785156	-74.0104751586914	1514.8821130349056
40.72230529785156	-74.0104751586914	1514.8821130349056
40.72230529785156	-74.0104751586914	1514.8821130349056
40.72230529785156	-74.0104751586914	1514.8821130349056
40.72230529785156	-74.0104751586914	1514.8821130349056
40.72230529785156	-74.0104751586914	1514.8821130349056
40.72230529785156	-74.0104751586914	1514.8821130349056
40.72230529785156	-74.0104751586914	1514.8821130349056
40.72230529785156	-74.0104751586914	1514.8821130349056
40.72230529785156	-74.0104751586914	1514.8821130349056
40.72230529785156	-74.0104751586914	1514.8821130349056
40.72230529785156	-74.0104751586914	1514.8821130349056
40.72230529785156	-74.0104751586914	1514.8821130349056
40.72230529785156	-74.0104751586914	1514.8821130349056
40.72230529785156	-74.0104751586914	1514.8821130349056
40.72230529785156	-74.0104751586914	1514.8821130349056
40.72230529785156	-74.0104751586914	1514.8821130349056
40.72230529785156	-74.0104751586914	1514.8821130349056
40.72230529785156	-74.0104751586914	1514.8821130349056
40.72230529785156	-74.0104751586914	1514.8821130349056
40.72230529785156	-74.0104751586914	1514.8821130349056
40.72230529785156	-74.0104751586914	1514.8821130349056
40.72230529785156	-74.0104751586914	1514.8821130349056
40.72230529785156	-74.0104751586914	1514.8821130349056
40.72230529785156	-74.0104751586914	1514.8821130349056
40.72230529785156	-74.0104751586914	1514.8821130349056
40.72230529785156	-74.0104751586914	1514.8821130349056
40.72230529785156	-74.0104751586914	1514.8821130349056
40.72230529785156	-74.0104751586914	1514.8821130349056
40.72230529785156	-74.0104751586914	1514.8821130349056
40.72230529785156	-74.0104751586914	1514.8821130349056
40.72230529785156	-74.0104751586914	1514.8821130349056
40.72230529785156	-74.0104751586914	1514.8821130349056
40.72230529785156	-74.0104751586914	1514.8821130349056
40.72230529785156	-74.0104751586914	1514.8821130349056
40.72230529785156	-74.0104751586914	1514.8821130349056
40.72230529785156	-74.0104751586914	1514.8821130349056
40.72230529785156	-74.0104751586914	1514.8821130349056
40.72230529785156	-74.0104751586914	1514.8821130349056
40.72230529785156	-74.0104751586914	1514.8821130349056
40.72230529785156	-74.0104751586914	1514.8821130349056
40.72230529785156	-74.0104751586914	1514.8821130349056
40.72230529785156	-74.0104751586914	1514.8821130349056
40.72230529785156	-74.0104751586914	1514.8821130349056
40.72230529785156	-74.0104751586914	1514.8821130349056
40.72230529785156	-74.0104751586914	1514.8821130349056
40.72230529785156	-74.0104751586914	1514.8821130349056
40.72230529785156	-74.0104751586914	1514.8821130349056
40.72230529785156	-74.0104751586914	1514.8821130349056
40.72230529785156	-74.0104751586914	1514.8821130349056
40.72230529785156	-74.0104751586914	1514.8821130349056
40.72230529785156	-74.0104751586914	1514.8821130349056
40.72230529785156	-74.0104751586914	1514.8821130349056
40.72230529785156	-74.0104751586914	1514.8821130349056
40.72230529785156	-74.0104751586914	1514.8821130349056
40.72230529785156	-74.0104751586914	1514.8821130349056
40.72230529785156	-74.0104751586914	1514.8821130349056
40.72230529785156	-74.0104751586914	1514.8821130349056
40.72230529785156	-74.0104751586914	1514.8821130349056
40.72230529785156	-74.0104751586914	1514.8821130349056
40.72230529785156	-74.0104751586914	1514.8821130349056
40.72230529785156	-74.0104751586914	1514.8821130349056
40.72230529785156	-74.0104751586914	1514.8821130349056
40.72230529785156	-74.0104751586914	1514.8821130349056
40.72230529785156	-74.0104751586914	1514.8821130349056
40.72230529785156	-74.0104751586914	1514.8821130349056
40.72230529785156	-74.0104751586914	1514.8821130349056
40.72230529785156	-74.0104751586914	1514.8821130349056
40.72230529785156	-74.0104751586914	1514.8821130349056
40.72230529785156	-74.0104751586914	1514.8821130349056
40.72230529785156	-74.0104751586914	1514.8821130349056
40.72230529785156	-74.0104751586914	1514.8821130349056
40.72406768798828	-74.01177978515625	1435.8902560730048
40.721038818359375	-74.00736999511719	1483.1875343072309
40.72773361206055	-74.00446319580078	1320.5671925382817
40.72773361206055	-74.00446319580078	1320.5671925382817
40.72773361206055	-74.00446319580078	1320.5671925382817
40.72773361206055	-74.00446319580078	1320.5671925382817
40.72773361206055	-74.00446319580078	1320.5671925382817
40.72773361206055	-74.00446319580078	1320.5671925382817
40.72773361206055	-74.00446319580078	1320.5671925382817
40.72773361206055	-74.00446319580078	1320.5671925382817
40.72773361206055	-74.00446319580078	1320.5671925382817
40.72773361206055	-74.00446319580078	1320.5671925382817
40.72773361206055	-74.00446319580078	1320.5671925382817
40.72773361206055	-74.00446319580078	1320.5671925382817
40.72773361206055	-74.00446319580078	1320.5671925382817
40.72773361206055	-74.00446319580078	1320.5671925382817
40.72773361206055	-74.00446319580078	1320.5671925382817
40.72773361206055	-74.00446319580078	1320.5671925382817
40.72773361206055	-74.00446319580078	1320.5671925382817
40.72773361206055	-74.00446319580078	1320.5671925382817
40.72773361206055	-74.00446319580078	1320.5671925382817
40.72773361206055	-74.00446319580078	1320.5671925382817
40.72773361206055	-74.00446319580078	1320.5671925382817
40.72773361206055	-74.00446319580078	1320.5671925382817
40.72773361206055	-74.00446319580078	1320.5671925382817
40.72773361206055	-74.00446319580078	1320.5671925382817
40.72773361206055	-74.00446319580078	1320.5671925382817
40.72773361206055	-74.00446319580078	1320.5671925382817
40.72773361206055	-74.00446319580078	1320.5671925382817
40.72773361206055	-74.00446319580078	1320.5671925382817
40.72773361206055	-74.00446319580078	1320.5671925382817
40.72773361206055	-74.00446319580078	1320.5671925382817
40.72773361206055	-74.00446319580078	1320.5671925382817
40.72773361206055	-74.00446319580078	1320.5671925382817
40.72773361206055	-74.00446319580078	1320.5671925382817
40.72773361206055	-74.00446319580078	1320.5671925382817
40.72773361206055	-74.00446319580078	1320.5671925382817
40.72773361206055	-74.00446319580078	1320.5671925382817
40.72773361206055	-74.00446319580078	1320.5671925382817
40.72773361206055	-74.00446319580078	1320.5671925382817
40.72773361206055	-74.00446319580078	1320.5671925382817
40.72773361206055	-74.00446319580078	1320.5671925382817
40.72773361206055	-74.00446319580078	1320.5671925382817
40.72773361206055	-74.00446319580078	1320.5671925382817
40.72773361206055	-74.00446319580078	1320.5671925382817
40.72773361206055	-74.00446319580078	1320.5671925382817
40.72773361206055	-74.00446319580078	1320.5671925382817
40.72773361206055	-74.00446319580078	1320.5671925382817
40.72773361206055	-74.00446319580078	1320.5671925382817
40.72773361206055	-74.00446319580078	1320.5671925382817
40.72773361206055	-74.00446319580078	1320.5671925382817
40.72773361206055	-74.00446319580078	1320.5671925382817
40.72773361206055	-74.00446319580078	1320.5671925382817
40.72773361206055	-74.00446319580078	1320.5671925382817
40.72773361206055	-74.00446319580078	1320.5671925382817
40.72773361206055	-74.00446319580078	1320.5671925382817
40.72773361206055	-74.00446319580078	1320.5671925382817
40.72773361206055	-74.00446319580078	1320.5671925382817
40.72773361206055	-74.00446319580078	1320.5671925382817
40.72773361206055	-74.00446319580078	1320.5671925382817
40.72773361206055	-74.00446319580078	1320.5671925382817
40.72773361206055	-74.00446319580078	1320.5671925382817
40.72773361206055	-74.00446319580078	1320.5671925382817
40.72773361206055	-74.00446319580078	1320.5671925382817
40.72773361206055	-74.00446319580078	1320.5671925382817
40.72773361206055	-74.00446319580078	1320.5671925382817
40.72773361206055	-74.00446319580078	1320.5671925382817
40.72773361206055	-74.00446319580078	1320.5671925382817
40.72773361206055	-74.00446319580078	1320.5671925382817
40.72773361206055	-74.00446319580078	1320.5671925382817
40.72773361206055	-74.00446319580078	1320.5671925382817
40.72773361206055	-74.00446319580078	1320.5671925382817
40.72773361206055	-74.00446319580078	1320.5671925382817
40.72773361206055	-74.00446319580078	1320.5671925382817
40.72773361206055	-74.00446319580078	1320.5671925382817
40.72773361206055	-74.00446319580078	1320.5671925382817
40.72773361206055	-74.00446319580078	1320.5671925382817
40.72773361206055	-74.00446319580078	1320.5671925382817
40.72773361206055	-74.00446319580078	1320.5671925382817
40.72773361206055	-74.00446319580078	1320.5671925382817
40.72773361206055	-74.00446319580078	1320.5671925382817
40.72773361206055	-74.00446319580078	1320.5671925382817
40.72773361206055	-74.00446319580078	1320.5671925382817
40.72773361206055	-74.00446319580078	1320.5671925382817
40.72773361206055	-74.00446319580078	1320.5671925382817
40.72773361206055	-74.00446319580078	1320.5671925382817
40.72773361206055	-74.00446319580078	1320.5671925382817
40.72773361206055	-74.00446319580078	1320.5671925382817
40.72773361206055	-74.00446319580078	1320.5671925382817
40.72773361206055	-74.00446319580078	1320.5671925382817
40.72773361206055	-74.00446319580078	1320.5671925382817
40.72773361206055	-74.00446319580078	1320.5671925382817
40.72773361206055	-74.00446319580078	1320.5671925382817
40.72773361206055	-74.00446319580078	1320.5671925382817
40.72773361206055	-74.00446319580078	1320.5671925382817
40.719642639160156	-74.01113891601562	1540.6978831513882
40.719642639160156	-74.01113891601562	1540.6978831513882
40.71580123901367	-74.0196762084961	1348.0688026524335
40.71426773071289	-74.0122299194336	1774.0134228070046
40.71426773071289	-74.0122299194336	1774.0134228070046
40.71426773071289	-74.0122299194336	1774.0134228070046
40.71426773071289	-74.0122299194336	1774.0134228070046
40.71426773071289	-74.0122299194336	1774.0134228070046
40.71426773071289	-74.0122299194336	1774.0134228070046
40.71426773071289	-74.0122299194336	1774.0134228070046
40.71426773071289	-74.0122299194336	1774.0134228070046
40.71426773071289	-74.0122299194336	1774.0134228070046
40.71426773071289	-74.0122299194336	1774.0134228070046
40.71426773071289	-74.0122299194336	1774.0134228070046
40.71426773071289	-74.0122299194336	1774.0134228070046
40.71426773071289	-74.0122299194336	1774.0134228070046
40.71426773071289	-74.0122299194336	1774.0134228070046
40.71426773071289	-74.0122299194336	1774.0134228070046
40.71426773071289	-74.0122299194336	1774.0134228070046
40.71426773071289	-74.0122299194336	1774.0134228070046
40.71426773071289	-74.0122299194336	1774.0134228070046
40.71426773071289	-74.0122299194336	1774.0134228070046
40.71426773071289	-74.0122299194336	1774.0134228070046
40.71426773071289	-74.0122299194336	1774.0134228070046
40.71426773071289	-74.0122299194336	1774.0134228070046
40.71426773071289	-74.0122299194336	1774.0134228070046
40.71426773071289	-74.0122299194336	1774.0134228070046
40.71426773071289	-74.0122299194336	1774.0134228070046
40.71426773071289	-74.0122299194336	1774.0134228070046
40.71426773071289	-74.0122299194336	1774.0134228070046
40.71426773071289	-74.0122299194336	1774.0134228070046
40.71426773071289	-74.0122299194336	1774.0134228070046
40.71426773071289	-74.0122299194336	1774.0134228070046
40.71426773071289	-74.0122299194336	1774.0134228070046
40.71426773071289	-74.0122299194336	1774.0134228070046
40.71426773071289	-74.0122299194336	1774.0134228070046
40.71426773071289	-74.0122299194336	1774.0134228070046
40.71426773071289	-74.0122299194336	1774.0134228070046
40.71426773071289	-74.0122299194336	1774.0134228070046
40.71426773071289	-74.0122299194336	1774.0134228070046
40.71426773071289	-74.0122299194336	1774.0134228070046
40.71426773071289	-74.0122299194336	1774.0134228070046
40.71426773071289	-74.0122299194336	1774.0134228070046
40.71426773071289	-74.0122299194336	1774.0134228070046
40.71426773071289	-74.0122299194336	1774.0134228070046
40.71426773071289	-74.0122299194336	1774.0134228070046
40.71426773071289	-74.0122299194336	1774.0134228070046
40.71426773071289	-74.0122299194336	1774.0134228070046
40.71426773071289	-74.0122299194336	1774.0134228070046
40.71426773071289	-74.0122299194336	1774.0134228070046
40.71426773071289	-74.0122299194336	1774.0134228070046
40.71426773071289	-74.0122299194336	1774.0134228070046
40.71426773071289	-74.0122299194336	1774.0134228070046
40.71426773071289	-74.0122299194336	1774.0134228070046
40.71426773071289	-74.0122299194336	1774.0134228070046
40.71426773071289	-74.0122299194336	1774.0134228070046
40.71426773071289	-74.0122299194336	1774.0134228070046
40.71426773071289	-74.0122299194336	1774.0134228070046
40.71426773071289	-74.0122299194336	1774.0134228070046
40.71426773071289	-74.0122299194336	1774.0134228070046
40.71426773071289	-74.0122299194336	1774.0134228070046
40.71426773071289	-74.0122299194336	1774.0134228070046
40.71426773071289	-74.0122299194336	1774.0134228070046
40.71426773071289	-74.0122299194336	1774.0134228070046
40.71426773071289	-74.0122299194336	1774.0134228070046
40.71426773071289	-74.0122299194336	1774.0134228070046
40.71426773071289	-74.0122299194336	1774.0134228070046
40.71426773071289	-74.0122299194336	1774.0134228070046
40.71426773071289	-74.0122299194336	1774.0134228070046
40.71426773071289	-74.0122299194336	1774.0134228070046
40.71426773071289	-74.0122299194336	1774.0134228070046
40.71426773071289	-74.0122299194336	1774.0134228070046
40.71426773071289	-74.0122299194336	1774.0134228070046
40.71426773071289	-74.0122299194336	1774.0134228070046
40.71426773071289	-74.0122299194336	1774.0134228070046
40.71426773071289	-74.0122299194336	1774.0134228070046
40.71426773071289	-74.0122299194336	1774.0134228070046
40.71426773071289	-74.0122299194336	1774.0134228070046
40.71426773071289	-74.0122299194336	1774.0134228070046
40.71426773071289	-74.0122299194336	1774.0134228070046
40.71426773071289	-74.0122299194336	1774.0134228070046
40.71426773071289	-74.0122299194336	1774.0134228070046
40.71426773071289	-74.0122299194336	1774.0134228070046
40.71426773071289	-74.0122299194336	1774.0134228070046
40.71426773071289	-74.0122299194336	1774.0134228070046
40.71426773071289	-74.0122299194336	1774.0134228070046
40.71426773071289	-74.0122299194336	1774.0134228070046
40.719661712646484	-74.01240539550781	1502.894018243891
40.719661712646484	-74.01240539550781	1502.894018243891
40.71228790283203	-74.01598358154297	1544.0065071264028
40.71228790283203	-74.01598358154297	1544.0065071264028
40.71228790283203	-74.01598358154297	1544.0065071264028
40.71228790283203	-74.01598358154297	1544.0065071264028
40.71228790283203	-74.01598358154297	1544.0065071264028
40.71228790283203	-74.01598358154297	1544.0065071264028
40.71228790283203	-74.01598358154297	1544.0065071264028
40.71228790283203	-74.01598358154297	1544.0065071264028
40.71228790283203	-74.01598358154297	1544.0065071264028
40.71228790283203	-74.01598358154297	1544.0065071264028
40.71228790283203	-74.01598358154297	1544.0065071264028
40.71228790283203	-74.01598358154297	1544.0065071264028
40.71228790283203	-74.01598358154297	1544.0065071264028
40.71228790283203	-74.01598358154297	1544.0065071264028
40.71228790283203	-74.01598358154297	1544.0065071264028
40.71228790283203	-74.01598358154297	1544.0065071264028
40.71228790283203	-74.01598358154297	1544.0065071264028
40.71228790283203	-74.01598358154297	1544.0065071264028
40.71228790283203	-74.01598358154297	1544.0065071264028
40.71228790283203	-74.01598358154297	1544.0065071264028
40.71228790283203	-74.01598358154297	1544.0065071264028
40.71228790283203	-74.01598358154297	1544.0065071264028
40.71228790283203	-74.01598358154297	1544.0065071264028
40.71228790283203	-74.01598358154297	1544.0065071264028
40.71228790283203	-74.01598358154297	1544.0065071264028
40.71228790283203	-74.01598358154297	1544.0065071264028
40.71228790283203	-74.01598358154297	1544.0065071264028
40.71228790283203	-74.01598358154297	1544.0065071264028
40.71228790283203	-74.01598358154297	1544.0065071264028
40.71228790283203	-74.01598358154297	1544.0065071264028
40.71228790283203	-74.01598358154297	1544.0065071264028
40.71228790283203	-74.01598358154297	1544.0065071264028
40.71228790283203	-74.01598358154297	1544.0065071264028
40.71228790283203	-74.01598358154297	1544.0065071264028
40.71228790283203	-74.01598358154297	1544.0065071264028
40.71228790283203	-74.01598358154297	1544.0065071264028
40.71228790283203	-74.01598358154297	1544.0065071264028
40.71228790283203	-74.01598358154297	1544.0065071264028
40.71228790283203	-74.01598358154297	1544.0065071264028
40.71228790283203	-74.01598358154297	1544.0065071264028
40.71228790283203	-74.01598358154297	1544.0065071264028
40.71228790283203	-74.01598358154297	1544.0065071264028
40.71228790283203	-74.01598358154297	1544.0065071264028
40.71228790283203	-74.01598358154297	1544.0065071264028
40.71228790283203	-74.01598358154297	1544.0065071264028
40.71228790283203	-74.01598358154297	1544.0065071264028
40.71228790283203	-74.01598358154297	1544.0065071264028
40.71228790283203	-74.01598358154297	1544.0065071264028
40.71228790283203	-74.01598358154297	1544.0065071264028
40.71228790283203	-74.01598358154297	1544.0065071264028
40.71228790283203	-74.01598358154297	1544.0065071264028
40.71228790283203	-74.01598358154297	1544.0065071264028
40.71228790283203	-74.01598358154297	1544.0065071264028
40.71228790283203	-74.01598358154297	1544.0065071264028
40.71228790283203	-74.01598358154297	1544.0065071264028
40.71228790283203	-74.01598358154297	1544.0065071264028
40.71228790283203	-74.01598358154297	1544.0065071264028
40.71228790283203	-74.01598358154297	1544.0065071264028
40.71228790283203	-74.01598358154297	1544.0065071264028
40.71228790283203	-74.01598358154297	1544.0065071264028
40.71228790283203	-74.01598358154297	1544.0065071264028
40.71228790283203	-74.01598358154297	1544.0065071264028
40.71228790283203	-74.01598358154297	1544.0065071264028
40.71228790283203	-74.01598358154297	1544.0065071264028
40.71228790283203	-74.01598358154297	1544.0065071264028
40.71228790283203	-74.01598358154297	1544.0065071264028
40.71228790283203	-74.01598358154297	1544.0065071264028
40.71228790283203	-74.01598358154297	1544.0065071264028
40.71228790283203	-74.01598358154297	1544.0065071264028
40.71228790283203	-74.01598358154297	1544.0065071264028
40.71228790283203	-74.01598358154297	1544.0065071264028
40.71228790283203	-74.01598358154297	1544.0065071264028
40.71228790283203	-74.01598358154297	1544.0065071264028
40.71228790283203	-74.01598358154297	1544.0065071264028
40.71228790283203	-74.01598358154297	1544.0065071264028
40.71228790283203	-74.01598358154297	1544.0065071264028
40.71228790283203	-74.01598358154297	1544.0065071264028
40.71228790283203	-74.01598358154297	1544.0065071264028
40.71228790283203	-74.01598358154297	1544.0065071264028
40.71228790283203	-74.01598358154297	1544.0065071264028
40.71228790283203	-74.01598358154297	1544.0065071264028
40.71228790283203	-74.01598358154297	1544.0065071264028
40.71228790283203	-74.01598358154297	1544.0065071264028
40.71228790283203	-74.01598358154297	1544.0065071264028
40.714996337890625	-74.01428985595703	1445.4318171289808
40.714996337890625	-74.01428985595703	1445.4318171289808
40.714996337890625	-74.01428985595703	1445.4318171289808
40.714996337890625	-74.01428985595703	1445.4318171289808
40.714996337890625	-74.01428985595703	1445.4318171289808
40.714996337890625	-74.01428985595703	1445.4318171289808
40.714996337890625	-74.01428985595703	1445.4318171289808
40.714996337890625	-74.01428985595703	1445.4318171289808
40.714996337890625	-74.01428985595703	1445.4318171289808
40.714996337890625	-74.01428985595703	1445.4318171289808
40.714996337890625	-74.01428985595703	1445.4318171289808
40.714996337890625	-74.01428985595703	1445.4318171289808
40.714996337890625	-74.01428985595703	1445.4318171289808
40.714996337890625	-74.01428985595703	1445.4318171289808
40.714996337890625	-74.01428985595703	1445.4318171289808
40.714996337890625	-74.01428985595703	1445.4318171289808
40.714996337890625	-74.01428985595703	1445.4318171289808
40.714996337890625	-74.01428985595703	1445.4318171289808
40.714996337890625	-74.01428985595703	1445.4318171289808
40.714996337890625	-74.01428985595703	1445.4318171289808
40.714996337890625	-74.01428985595703	1445.4318171289808
40.714996337890625	-74.01428985595703	1445.4318171289808
40.714996337890625	-74.01428985595703	1445.4318171289808
40.714996337890625	-74.01428985595703	1445.4318171289808
40.714996337890625	-74.01428985595703	1445.4318171289808
40.714996337890625	-74.01428985595703	1445.4318171289808
40.714996337890625	-74.01428985595703	1445.4318171289808
40.714996337890625	-74.01428985595703	1445.4318171289808
40.714996337890625	-74.01428985595703	1445.4318171289808
40.714996337890625	-74.01428985595703	1445.4318171289808
40.714996337890625	-74.01428985595703	1445.4318171289808
40.714996337890625	-74.01428985595703	1445.4318171289808
40.71308898925781	-74.00874328613281	1734.9531240035255
40.71308898925781	-74.00874328613281	1734.9531240035255
40.71308898925781	-74.00874328613281	1734.9531240035255
40.71308898925781	-74.00874328613281	1734.9531240035255
40.71308898925781	-74.00874328613281	1734.9531240035255
40.71308898925781	-74.00874328613281	1734.9531240035255
40.71308898925781	-74.00874328613281	1734.9531240035255
40.71308898925781	-74.00874328613281	1734.9531240035255
40.71308898925781	-74.00874328613281	1734.9531240035255
40.71308898925781	-74.00874328613281	1734.9531240035255
40.71308898925781	-74.00874328613281	1734.9531240035255
40.71308898925781	-74.00874328613281	1734.9531240035255
40.71308898925781	-74.00874328613281	1734.9531240035255
40.71308898925781	-74.00874328613281	1734.9531240035255
40.71308898925781	-74.00874328613281	1734.9531240035255
40.71308898925781	-74.00874328613281	1734.9531240035255
40.71308898925781	-74.00874328613281	1734.9531240035255
40.71308898925781	-74.00874328613281	1734.9531240035255
40.71308898925781	-74.00874328613281	1734.9531240035255
40.71308898925781	-74.00874328613281	1734.9531240035255
40.71308898925781	-74.00874328613281	1734.9531240035255
40.71308898925781	-74.00874328613281	1734.9531240035255
40.71308898925781	-74.00874328613281	1734.9531240035255
40.71308898925781	-74.00874328613281	1734.9531240035255
40.71308898925781	-74.00874328613281	1734.9531240035255
40.71308898925781	-74.00874328613281	1734.9531240035255
40.71308898925781	-74.00874328613281	1734.9531240035255
40.71308898925781	-74.00874328613281	1734.9531240035255
40.71308898925781	-74.00874328613281	1734.9531240035255
40.71308898925781	-74.00874328613281	1734.9531240035255
40.71308898925781	-74.00874328613281	1734.9531240035255
40.71308898925781	-74.00874328613281	1734.9531240035255
40.71308898925781	-74.00874328613281	1734.9531240035255
40.71308898925781	-74.00874328613281	1734.9531240035255
40.71308898925781	-74.00874328613281	1734.9531240035255
40.71308898925781	-74.00874328613281	1734.9531240035255
40.71308898925781	-74.00874328613281	1734.9531240035255
40.71308898925781	-74.00874328613281	1734.9531240035255
40.71308898925781	-74.00874328613281	1734.9531240035255
40.71308898925781	-74.00874328613281	1734.9531240035255
40.71308898925781	-74.00874328613281	1734.9531240035255
40.71308898925781	-74.00874328613281	1734.9531240035255
40.71308898925781	-74.00874328613281	1734.9531240035255
40.71308898925781	-74.00874328613281	1734.9531240035255
40.71308898925781	-74.00874328613281	1734.9531240035255
40.71308898925781	-74.00874328613281	1734.9531240035255
40.71308898925781	-74.00874328613281	1734.9531240035255
40.71308898925781	-74.00874328613281	1734.9531240035255
40.71308898925781	-74.00874328613281	1734.9531240035255
40.71308898925781	-74.00874328613281	1734.9531240035255
40.71308898925781	-74.00874328613281	1734.9531240035255
40.71308898925781	-74.00874328613281	1734.9531240035255
40.71308898925781	-74.00874328613281	1734.9531240035255
40.71308898925781	-74.00874328613281	1734.9531240035255
40.71308898925781	-74.00874328613281	1734.9531240035255
40.71308898925781	-74.00874328613281	1734.9531240035255
40.71308898925781	-74.00874328613281	1734.9531240035255
40.71308898925781	-74.00874328613281	1734.9531240035255
40.71308898925781	-74.00874328613281	1734.9531240035255
40.71308898925781	-74.00874328613281	1734.9531240035255
40.71308898925781	-74.00874328613281	1734.9531240035255
40.71308898925781	-74.00874328613281	1734.9531240035255
40.71308898925781	-74.00874328613281	1734.9531240035255
40.71308898925781	-74.00874328613281	1734.9531240035255
40.71308898925781	-74.00874328613281	1734.9531240035255
40.71308898925781	-74.00874328613281	1734.9531240035255
40.71308898925781	-74.00874328613281	1734.9531240035255
40.71308898925781	-74.00874328613281	1734.9531240035255
40.71308898925781	-74.00874328613281	1734.9531240035255
40.71308898925781	-74.00874328613281	1734.9531240035255
40.71308898925781	-74.00874328613281	1734.9531240035255
40.71308898925781	-74.00874328613281	1734.9531240035255
40.71308898925781	-74.00874328613281	1734.9531240035255
40.71308898925781	-74.00874328613281	1734.9531240035255
40.71308898925781	-74.00874328613281	1734.9531240035255
40.71308898925781	-74.00874328613281	1734.9531240035255
40.71308898925781	-74.00874328613281	1734.9531240035255
40.71308898925781	-74.00874328613281	1734.9531240035255
40.71308898925781	-74.00874328613281	1734.9531240035255
40.71308898925781	-74.00874328613281	1734.9531240035255
40.71308898925781	-74.00874328613281	1734.9531240035255
40.71308898925781	-74.00874328613281	1734.9531240035255
40.71308898925781	-74.00874328613281	1734.9531240035255
40.71308898925781	-74.00874328613281	1734.9531240035255
40.71308898925781	-74.00874328613281	1734.9531240035255
40.71308898925781	-74.00874328613281	1734.9531240035255
40.71308898925781	-74.00874328613281	1734.9531240035255
40.71308898925781	-74.00874328613281	1734.9531240035255
40.710880279541016	-74.01564025878906	1468.7586985837909
40.710880279541016	-74.01564025878906	1468.7586985837909
40.710880279541016	-74.01564025878906	1468.7586985837909
40.710880279541016	-74.01564025878906	1468.7586985837909
40.710880279541016	-74.01564025878906	1468.7586985837909
40.710880279541016	-74.01564025878906	1468.7586985837909
40.710880279541016	-74.01564025878906	1468.7586985837909
40.710880279541016	-74.01564025878906	1468.7586985837909
40.70908737182617	-74.0121841430664	1449.0349032892525
40.70908737182617	-74.0121841430664	1449.0349032892525
40.70908737182617	-74.0121841430664	1449.0349032892525
40.70908737182617	-74.0121841430664	1449.0349032892525
40.70908737182617	-74.0121841430664	1449.0349032892525
40.70908737182617	-74.0121841430664	1449.0349032892525
40.70908737182617	-74.0121841430664	1449.0349032892525
40.70908737182617	-74.0121841430664	1449.0349032892525
40.70908737182617	-74.0121841430664	1449.0349032892525
40.70908737182617	-74.0121841430664	1449.0349032892525
40.70908737182617	-74.0121841430664	1449.0349032892525
40.70908737182617	-74.0121841430664	1449.0349032892525
40.70908737182617	-74.0121841430664	1449.0349032892525
40.70908737182617	-74.0121841430664	1449.0349032892525
40.70908737182617	-74.0121841430664	1449.0349032892525
40.70908737182617	-74.0121841430664	1449.0349032892525
40.70908737182617	-74.0121841430664	1449.0349032892525
40.70908737182617	-74.0121841430664	1449.0349032892525
40.70908737182617	-74.0121841430664	1449.0349032892525
40.716888427734375	-74.01139831542969	1635.1399977361411
40.716888427734375	-74.01139831542969	1635.1399977361411
40.716888427734375	-74.01139831542969	1635.1399977361411
40.716888427734375	-74.01139831542969	1635.1399977361411
40.716888427734375	-74.01139831542969	1635.1399977361411
40.716888427734375	-74.01139831542969	1635.1399977361411
40.716888427734375	-74.01139831542969	1635.1399977361411
40.716888427734375	-74.01139831542969	1635.1399977361411
40.716888427734375	-74.01139831542969	1635.1399977361411
40.716888427734375	-74.01139831542969	1635.1399977361411
40.716888427734375	-74.01139831542969	1635.1399977361411
40.716888427734375	-74.01139831542969	1635.1399977361411
40.716888427734375	-74.01139831542969	1635.1399977361411
40.716888427734375	-74.01139831542969	1635.1399977361411
40.716888427734375	-74.01139831542969	1635.1399977361411
40.716888427734375	-74.01139831542969	1635.1399977361411
40.716888427734375	-74.01139831542969	1635.1399977361411
40.716888427734375	-74.01139831542969	1635.1399977361411
40.716888427734375	-74.01139831542969	1635.1399977361411
40.716888427734375	-74.01139831542969	1635.1399977361411
40.716888427734375	-74.01139831542969	1635.1399977361411
40.716888427734375	-74.01139831542969	1635.1399977361411
40.716888427734375	-74.01139831542969	1635.1399977361411
40.716888427734375	-74.01139831542969	1635.1399977361411
40.716888427734375	-74.01139831542969	1635.1399977361411
40.716888427734375	-74.01139831542969	1635.1399977361411
40.716888427734375	-74.01139831542969	1635.1399977361411
40.716888427734375	-74.01139831542969	1635.1399977361411
40.716888427734375	-74.01139831542969	1635.1399977361411
40.716888427734375	-74.01139831542969	1635.1399977361411
40.716888427734375	-74.01139831542969	1635.1399977361411
40.716888427734375	-74.01139831542969	1635.1399977361411
40.716888427734375	-74.01139831542969	1635.1399977361411
40.716888427734375	-74.01139831542969	1635.1399977361411
40.716888427734375	-74.01139831542969	1635.1399977361411
40.716888427734375	-74.01139831542969	1635.1399977361411
40.716888427734375	-74.01139831542969	1635.1399977361411
40.716888427734375	-74.01139831542969	1635.1399977361411
40.716888427734375	-74.01139831542969	1635.1399977361411
40.716888427734375	-74.01139831542969	1635.1399977361411
40.716888427734375	-74.01139831542969	1635.1399977361411
40.716888427734375	-74.01139831542969	1635.1399977361411
40.716888427734375	-74.01139831542969	1635.1399977361411
40.716888427734375	-74.01139831542969	1635.1399977361411
40.716888427734375	-74.01139831542969	1635.1399977361411
40.716888427734375	-74.01139831542969	1635.1399977361411
40.716888427734375	-74.01139831542969	1635.1399977361411
40.716888427734375	-74.01139831542969	1635.1399977361411
40.716888427734375	-74.01139831542969	1635.1399977361411
40.716888427734375	-74.01139831542969	1635.1399977361411
40.716888427734375	-74.01139831542969	1635.1399977361411
40.716888427734375	-74.01139831542969	1635.1399977361411
40.716888427734375	-74.01139831542969	1635.1399977361411
40.716888427734375	-74.01139831542969	1635.1399977361411
40.716888427734375	-74.01139831542969	1635.1399977361411
40.716888427734375	-74.01139831542969	1635.1399977361411
40.716888427734375	-74.01139831542969	1635.1399977361411
40.716888427734375	-74.01139831542969	1635.1399977361411
40.716888427734375	-74.01139831542969	1635.1399977361411
40.716888427734375	-74.01139831542969	1635.1399977361411
40.716888427734375	-74.01139831542969	1635.1399977361411
40.716888427734375	-74.01139831542969	1635.1399977361411
40.716888427734375	-74.01139831542969	1635.1399977361411
40.716888427734375	-74.01139831542969	1635.1399977361411
40.716888427734375	-74.01139831542969	1635.1399977361411
40.716888427734375	-74.01139831542969	1635.1399977361411
40.716888427734375	-74.01139831542969	1635.1399977361411
40.749183654785156	-73.99443054199219	1346.9892729159067
40.749183654785156	-73.99443054199219	1346.9892729159067
40.749183654785156	-73.99443054199219	1346.9892729159067
40.749183654785156	-73.99443054199219	1346.9892729159067
40.749183654785156	-73.99443054199219	1346.9892729159067
40.749183654785156	-73.99443054199219	1346.9892729159067
40.749183654785156	-73.99443054199219	1346.9892729159067
40.749183654785156	-73.99443054199219	1346.9892729159067
40.749183654785156	-73.99443054199219	1346.9892729159067
40.749183654785156	-73.99443054199219	1346.9892729159067
40.749183654785156	-73.99443054199219	1346.9892729159067
40.749183654785156	-73.99443054199219	1346.9892729159067
40.749183654785156	-73.99443054199219	1346.9892729159067
40.749183654785156	-73.99443054199219	1346.9892729159067
40.749183654785156	-73.99443054199219	1346.9892729159067
40.749183654785156	-73.99443054199219	1346.9892729159067
40.749183654785156	-73.99443054199219	1346.9892729159067
40.749183654785156	-73.99443054199219	1346.9892729159067
40.749183654785156	-73.99443054199219	1346.9892729159067
40.749183654785156	-73.99443054199219	1346.9892729159067
40.749183654785156	-73.99443054199219	1346.9892729159067
40.749183654785156	-73.99443054199219	1346.9892729159067
40.749183654785156	-73.99443054199219	1346.9892729159067
40.749183654785156	-73.99443054199219	1346.9892729159067
40.749183654785156	-73.99443054199219	1346.9892729159067
40.749183654785156	-73.99443054199219	1346.9892729159067
40.749183654785156	-73.99443054199219	1346.9892729159067
40.749183654785156	-73.99443054199219	1346.9892729159067
40.749183654785156	-73.99443054199219	1346.9892729159067
40.749183654785156	-73.99443054199219	1346.9892729159067
40.749183654785156	-73.99443054199219	1346.9892729159067
40.749183654785156	-73.99443054199219	1346.9892729159067
40.749183654785156	-73.99443054199219	1346.9892729159067
40.749183654785156	-73.99443054199219	1346.9892729159067
40.749183654785156	-73.99443054199219	1346.9892729159067
40.749183654785156	-73.99443054199219	1346.9892729159067
40.749183654785156	-73.99443054199219	1346.9892729159067
40.749183654785156	-73.99443054199219	1346.9892729159067
40.749183654785156	-73.99443054199219	1346.9892729159067
40.749183654785156	-73.99443054199219	1346.9892729159067
40.749183654785156	-73.99443054199219	1346.9892729159067
40.749183654785156	-73.99443054199219	1346.9892729159067
40.749183654785156	-73.99443054199219	1346.9892729159067
40.749183654785156	-73.99443054199219	1346.9892729159067
40.74591827392578	-73.99939727783203	1176.279433402794
40.74591827392578	-73.99939727783203	1176.279433402794
40.74591827392578	-73.99939727783203	1176.279433402794
40.74591827392578	-73.99939727783203	1176.279433402794
40.74591827392578	-73.99939727783203	1176.279433402794
40.74591827392578	-73.99939727783203	1176.279433402794
40.74591827392578	-73.99939727783203	1176.279433402794
40.74591827392578	-73.99939727783203	1176.279433402794
40.74591827392578	-73.99939727783203	1176.279433402794
40.74591827392578	-73.99939727783203	1176.279433402794
40.74591827392578	-73.99939727783203	1176.279433402794
40.74591827392578	-73.99939727783203	1176.279433402794
40.74591827392578	-73.99939727783203	1176.279433402794
40.74591827392578	-73.99939727783203	1176.279433402794
40.74591827392578	-73.99939727783203	1176.279433402794
40.74591827392578	-73.99939727783203	1176.279433402794
40.74591827392578	-73.99939727783203	1176.279433402794
40.74591827392578	-73.99939727783203	1176.279433402794
40.74591827392578	-73.99939727783203	1176.279433402794
40.74591827392578	-73.99939727783203	1176.279433402794
40.74591827392578	-73.99939727783203	1176.279433402794
40.730350494384766	-73.9625473022461	866.5576796544575
40.782081604003906	-73.98124694824219	1252.597151470168
40.782081604003906	-73.98124694824219	1252.597151470168
40.782081604003906	-73.98124694824219	1252.597151470168
40.782081604003906	-73.98124694824219	1252.597151470168
40.782081604003906	-73.98124694824219	1252.597151470168
40.782081604003906	-73.98124694824219	1252.597151470168
40.782081604003906	-73.98124694824219	1252.597151470168
40.782081604003906	-73.98124694824219	1252.597151470168
40.782081604003906	-73.98124694824219	1252.597151470168
40.782081604003906	-73.98124694824219	1252.597151470168
40.782081604003906	-73.98124694824219	1252.597151470168
40.782081604003906	-73.98124694824219	1252.597151470168
40.782081604003906	-73.98124694824219	1252.597151470168
40.782081604003906	-73.98124694824219	1252.597151470168
40.782081604003906	-73.98124694824219	1252.597151470168
40.782081604003906	-73.98124694824219	1252.597151470168
40.782081604003906	-73.98124694824219	1252.597151470168
40.782081604003906	-73.98124694824219	1252.597151470168
40.782081604003906	-73.98124694824219	1252.597151470168
40.782081604003906	-73.98124694824219	1252.597151470168
40.782081604003906	-73.98124694824219	1252.597151470168
40.782081604003906	-73.98124694824219	1252.597151470168
40.782081604003906	-73.98124694824219	1252.597151470168
40.782081604003906	-73.98124694824219	1252.597151470168
40.782081604003906	-73.98124694824219	1252.597151470168
40.782081604003906	-73.98124694824219	1252.597151470168
40.782081604003906	-73.98124694824219	1252.597151470168
40.782081604003906	-73.98124694824219	1252.597151470168
40.782081604003906	-73.98124694824219	1252.597151470168
40.782081604003906	-73.98124694824219	1252.597151470168
40.782081604003906	-73.98124694824219	1252.597151470168
40.782081604003906	-73.98124694824219	1252.597151470168
40.782081604003906	-73.98124694824219	1252.597151470168
40.782081604003906	-73.98124694824219	1252.597151470168
40.782081604003906	-73.98124694824219	1252.597151470168
40.782081604003906	-73.98124694824219	1252.597151470168
40.782081604003906	-73.98124694824219	1252.597151470168
40.782081604003906	-73.98124694824219	1252.597151470168
40.782081604003906	-73.98124694824219	1252.597151470168
40.782081604003906	-73.98124694824219	1252.597151470168
40.782081604003906	-73.98124694824219	1252.597151470168
40.782081604003906	-73.98124694824219	1252.597151470168
40.782081604003906	-73.98124694824219	1252.597151470168
40.782081604003906	-73.98124694824219	1252.597151470168
40.782081604003906	-73.98124694824219	1252.597151470168
40.782081604003906	-73.98124694824219	1252.597151470168
40.782081604003906	-73.98124694824219	1252.597151470168
40.782081604003906	-73.98124694824219	1252.597151470168
40.782081604003906	-73.98124694824219	1252.597151470168
40.782081604003906	-73.98124694824219	1252.597151470168
40.782081604003906	-73.98124694824219	1252.597151470168
40.782081604003906	-73.98124694824219	1252.597151470168
40.782081604003906	-73.98124694824219	1252.597151470168
40.782081604003906	-73.98124694824219	1252.597151470168
40.782081604003906	-73.98124694824219	1252.597151470168
40.782081604003906	-73.98124694824219	1252.597151470168
40.782081604003906	-73.98124694824219	1252.597151470168
40.782081604003906	-73.98124694824219	1252.597151470168
40.782081604003906	-73.98124694824219	1252.597151470168
40.79051971435547	-73.9732894897461	1192.9352373956715
40.79051971435547	-73.9732894897461	1192.9352373956715
40.79051971435547	-73.9732894897461	1192.9352373956715
40.79051971435547	-73.9732894897461	1192.9352373956715
40.79051971435547	-73.9732894897461	1192.9352373956715
40.79051971435547	-73.9732894897461	1192.9352373956715
40.79051971435547	-73.9732894897461	1192.9352373956715
40.79051971435547	-73.9732894897461	1192.9352373956715
40.79051971435547	-73.9732894897461	1192.9352373956715
40.79051971435547	-73.9732894897461	1192.9352373956715
40.79051971435547	-73.9732894897461	1192.9352373956715
40.79051971435547	-73.9732894897461	1192.9352373956715
40.79051971435547	-73.9732894897461	1192.9352373956715
40.79051971435547	-73.9732894897461	1192.9352373956715
40.79051971435547	-73.9732894897461	1192.9352373956715
40.79051971435547	-73.9732894897461	1192.9352373956715
40.79051971435547	-73.9732894897461	1192.9352373956715
40.79051971435547	-73.9732894897461	1192.9352373956715
40.79051971435547	-73.9732894897461	1192.9352373956715
40.79051971435547	-73.9732894897461	1192.9352373956715
40.79051971435547	-73.9732894897461	1192.9352373956715
40.79051971435547	-73.9732894897461	1192.9352373956715
40.79051971435547	-73.9732894897461	1192.9352373956715
40.79051971435547	-73.9732894897461	1192.9352373956715
40.79051971435547	-73.9732894897461	1192.9352373956715
40.79051971435547	-73.9732894897461	1192.9352373956715
40.79051971435547	-73.9732894897461	1192.9352373956715
40.79051971435547	-73.9732894897461	1192.9352373956715
40.79051971435547	-73.9732894897461	1192.9352373956715
40.79051971435547	-73.9732894897461	1192.9352373956715
40.79051971435547	-73.9732894897461	1192.9352373956715
40.79051971435547	-73.9732894897461	1192.9352373956715
40.79051971435547	-73.9732894897461	1192.9352373956715
40.79051971435547	-73.9732894897461	1192.9352373956715
40.79051971435547	-73.9732894897461	1192.9352373956715
40.79051971435547	-73.9732894897461	1192.9352373956715
40.79051971435547	-73.9732894897461	1192.9352373956715
40.79051971435547	-73.9732894897461	1192.9352373956715
40.79051971435547	-73.9732894897461	1192.9352373956715
40.79051971435547	-73.9732894897461	1192.9352373956715
40.79051971435547	-73.9732894897461	1192.9352373956715
40.79051971435547	-73.9732894897461	1192.9352373956715
40.79051971435547	-73.9732894897461	1192.9352373956715
40.79051971435547	-73.9732894897461	1192.9352373956715
40.79051971435547	-73.9732894897461	1192.9352373956715
40.79051971435547	-73.9732894897461	1192.9352373956715
40.79051971435547	-73.9732894897461	1192.9352373956715
40.79051971435547	-73.9732894897461	1192.9352373956715
40.79051971435547	-73.9732894897461	1192.9352373956715
40.79051971435547	-73.9732894897461	1192.9352373956715
40.789085388183594	-73.97706604003906	1305.3136821809924
40.789085388183594	-73.97706604003906	1305.3136821809924
40.789085388183594	-73.97706604003906	1305.3136821809924
40.789085388183594	-73.97706604003906	1305.3136821809924
40.789085388183594	-73.97706604003906	1305.3136821809924
40.789085388183594	-73.97706604003906	1305.3136821809924
40.789085388183594	-73.97706604003906	1305.3136821809924
40.789085388183594	-73.97706604003906	1305.3136821809924
40.789085388183594	-73.97706604003906	1305.3136821809924
40.789085388183594	-73.97706604003906	1305.3136821809924
40.789085388183594	-73.97706604003906	1305.3136821809924
40.789085388183594	-73.97706604003906	1305.3136821809924
40.789085388183594	-73.97706604003906	1305.3136821809924
40.789085388183594	-73.97706604003906	1305.3136821809924
40.789085388183594	-73.97706604003906	1305.3136821809924
40.789085388183594	-73.97706604003906	1305.3136821809924
40.789085388183594	-73.97706604003906	1305.3136821809924
40.789085388183594	-73.97706604003906	1305.3136821809924
40.789085388183594	-73.97706604003906	1305.3136821809924
40.789085388183594	-73.97706604003906	1305.3136821809924
40.789085388183594	-73.97706604003906	1305.3136821809924
40.789085388183594	-73.97706604003906	1305.3136821809924
40.789085388183594	-73.97706604003906	1305.3136821809924
40.789085388183594	-73.97706604003906	1305.3136821809924
40.789085388183594	-73.97706604003906	1305.3136821809924
40.789085388183594	-73.97706604003906	1305.3136821809924
40.789085388183594	-73.97706604003906	1305.3136821809924
40.789085388183594	-73.97706604003906	1305.3136821809924
40.789085388183594	-73.97706604003906	1305.3136821809924
40.789085388183594	-73.97706604003906	1305.3136821809924
40.789085388183594	-73.97706604003906	1305.3136821809924
40.789085388183594	-73.97706604003906	1305.3136821809924
40.789085388183594	-73.97706604003906	1305.3136821809924
40.789085388183594	-73.97706604003906	1305.3136821809924
40.789085388183594	-73.97706604003906	1305.3136821809924
40.789085388183594	-73.97706604003906	1305.3136821809924
40.789085388183594	-73.97706604003906	1305.3136821809924
40.789085388183594	-73.97706604003906	1305.3136821809924
40.789085388183594	-73.97706604003906	1305.3136821809924
40.789085388183594	-73.97706604003906	1305.3136821809924
40.789085388183594	-73.97706604003906	1305.3136821809924
40.789085388183594	-73.97706604003906	1305.3136821809924
40.789085388183594	-73.97706604003906	1305.3136821809924
40.789085388183594	-73.97706604003906	1305.3136821809924
40.789085388183594	-73.97706604003906	1305.3136821809924
40.789085388183594	-73.97706604003906	1305.3136821809924
40.789085388183594	-73.97706604003906	1305.3136821809924
40.789085388183594	-73.97706604003906	1305.3136821809924
40.789085388183594	-73.97706604003906	1305.3136821809924
40.789085388183594	-73.97706604003906	1305.3136821809924
40.789085388183594	-73.97706604003906	1305.3136821809924
40.789085388183594	-73.97706604003906	1305.3136821809924
40.789085388183594	-73.97706604003906	1305.3136821809924
40.789085388183594	-73.97706604003906	1305.3136821809924
40.789085388183594	-73.97706604003906	1305.3136821809924
40.789085388183594	-73.97706604003906	1305.3136821809924
40.789085388183594	-73.97706604003906	1305.3136821809924
40.789085388183594	-73.97706604003906	1305.3136821809924
40.789085388183594	-73.97706604003906	1305.3136821809924
40.789085388183594	-73.97706604003906	1305.3136821809924
40.789085388183594	-73.97706604003906	1305.3136821809924
40.789085388183594	-73.97706604003906	1305.3136821809924
40.789085388183594	-73.97706604003906	1305.3136821809924
40.789085388183594	-73.97706604003906	1305.3136821809924
40.789085388183594	-73.97706604003906	1305.3136821809924
40.789085388183594	-73.97706604003906	1305.3136821809924
40.789085388183594	-73.97706604003906	1305.3136821809924
40.789085388183594	-73.97706604003906	1305.3136821809924
40.789085388183594	-73.97706604003906	1305.3136821809924
40.789085388183594	-73.97706604003906	1305.3136821809924
40.789085388183594	-73.97706604003906	1305.3136821809924
40.789085388183594	-73.97706604003906	1305.3136821809924
40.789085388183594	-73.97706604003906	1305.3136821809924
40.789085388183594	-73.97706604003906	1305.3136821809924
40.789085388183594	-73.97706604003906	1305.3136821809924
40.789085388183594	-73.97706604003906	1305.3136821809924
40.789085388183594	-73.97706604003906	1305.3136821809924
40.789085388183594	-73.97706604003906	1305.3136821809924
40.789085388183594	-73.97706604003906	1305.3136821809924
40.789085388183594	-73.97706604003906	1305.3136821809924
40.789085388183594	-73.97706604003906	1305.3136821809924
40.789085388183594	-73.97706604003906	1305.3136821809924
40.789085388183594	-73.97706604003906	1305.3136821809924
40.789085388183594	-73.97706604003906	1305.3136821809924
40.789085388183594	-73.97706604003906	1305.3136821809924
40.789085388183594	-73.97706604003906	1305.3136821809924
40.789085388183594	-73.97706604003906	1305.3136821809924
40.789085388183594	-73.97706604003906	1305.3136821809924
40.789085388183594	-73.97706604003906	1305.3136821809924
40.789085388183594	-73.97706604003906	1305.3136821809924
40.789085388183594	-73.97706604003906	1305.3136821809924
40.789085388183594	-73.97706604003906	1305.3136821809924
40.789085388183594	-73.97706604003906	1305.3136821809924
40.789085388183594	-73.97706604003906	1305.3136821809924
40.789085388183594	-73.97706604003906	1305.3136821809924
40.789085388183594	-73.97706604003906	1305.3136821809924
40.789085388183594	-73.97706604003906	1305.3136821809924
40.789085388183594	-73.97706604003906	1305.3136821809924
40.789085388183594	-73.97706604003906	1305.3136821809924
40.789085388183594	-73.97706604003906	1305.3136821809924
40.789085388183594	-73.97706604003906	1305.3136821809924
40.789085388183594	-73.97706604003906	1305.3136821809924
40.789085388183594	-73.97706604003906	1305.3136821809924
40.789085388183594	-73.97706604003906	1305.3136821809924
40.789085388183594	-73.97706604003906	1305.3136821809924
40.789085388183594	-73.97706604003906	1305.3136821809924
40.789085388183594	-73.97706604003906	1305.3136821809924
40.789085388183594	-73.97706604003906	1305.3136821809924
40.789085388183594	-73.97706604003906	1305.3136821809924
40.789085388183594	-73.97706604003906	1305.3136821809924
40.789085388183594	-73.97706604003906	1305.3136821809924
40.789085388183594	-73.97706604003906	1305.3136821809924
40.789085388183594	-73.97706604003906	1305.3136821809924
40.789085388183594	-73.97706604003906	1305.3136821809924
40.789085388183594	-73.97706604003906	1305.3136821809924
40.789085388183594	-73.97706604003906	1305.3136821809924
40.789085388183594	-73.97706604003906	1305.3136821809924
40.75681686401367	-73.98339080810547	1989.868460453542
40.75681686401367	-73.98339080810547	1989.868460453542
40.75681686401367	-73.98339080810547	1989.868460453542
40.75681686401367	-73.98339080810547	1989.868460453542
40.75681686401367	-73.98339080810547	1989.868460453542
40.75681686401367	-73.98339080810547	1989.868460453542
40.75681686401367	-73.98339080810547	1989.868460453542
40.75681686401367	-73.98339080810547	1989.868460453542
40.75681686401367	-73.98339080810547	1989.868460453542
40.75681686401367	-73.98339080810547	1989.868460453542
40.75681686401367	-73.98339080810547	1989.868460453542
40.75681686401367	-73.98339080810547	1989.868460453542
40.75681686401367	-73.98339080810547	1989.868460453542
40.75681686401367	-73.98339080810547	1989.868460453542
40.75681686401367	-73.98339080810547	1989.868460453542
40.75681686401367	-73.98339080810547	1989.868460453542
40.75681686401367	-73.98339080810547	1989.868460453542
40.75681686401367	-73.98339080810547	1989.868460453542
40.75681686401367	-73.98339080810547	1989.868460453542
40.75681686401367	-73.98339080810547	1989.868460453542
40.75681686401367	-73.98339080810547	1989.868460453542
40.75681686401367	-73.98339080810547	1989.868460453542
40.75681686401367	-73.98339080810547	1989.868460453542
40.75681686401367	-73.98339080810547	1989.868460453542
40.75681686401367	-73.98339080810547	1989.868460453542
40.75681686401367	-73.98339080810547	1989.868460453542
40.75681686401367	-73.98339080810547	1989.868460453542
40.75681686401367	-73.98339080810547	1989.868460453542
40.75681686401367	-73.98339080810547	1989.868460453542
40.75681686401367	-73.98339080810547	1989.868460453542
40.75681686401367	-73.98339080810547	1989.868460453542
40.75681686401367	-73.98339080810547	1989.868460453542
40.75681686401367	-73.98339080810547	1989.868460453542
40.75681686401367	-73.98339080810547	1989.868460453542
40.75681686401367	-73.98339080810547	1989.868460453542
40.75681686401367	-73.98339080810547	1989.868460453542
40.75681686401367	-73.98339080810547	1989.868460453542
40.75681686401367	-73.98339080810547	1989.868460453542
40.75681686401367	-73.98339080810547	1989.868460453542
40.75681686401367	-73.98339080810547	1989.868460453542
40.75681686401367	-73.98339080810547	1989.868460453542
40.75681686401367	-73.98339080810547	1989.868460453542
40.75681686401367	-73.98339080810547	1989.868460453542
40.75681686401367	-73.98339080810547	1989.868460453542
40.75681686401367	-73.98339080810547	1989.868460453542
40.75681686401367	-73.98339080810547	1989.868460453542
40.75681686401367	-73.98339080810547	1989.868460453542
40.75681686401367	-73.98339080810547	1989.868460453542
40.75681686401367	-73.98339080810547	1989.868460453542
40.75681686401367	-73.98339080810547	1989.868460453542
40.75681686401367	-73.98339080810547	1989.868460453542
40.75681686401367	-73.98339080810547	1989.868460453542
40.75681686401367	-73.98339080810547	1989.868460453542
40.75681686401367	-73.98339080810547	1989.868460453542
40.75681686401367	-73.98339080810547	1989.868460453542
40.75681686401367	-73.98339080810547	1989.868460453542
40.75681686401367	-73.98339080810547	1989.868460453542
40.75681686401367	-73.98339080810547	1989.868460453542
40.75681686401367	-73.98339080810547	1989.868460453542
40.75681686401367	-73.98339080810547	1989.868460453542
40.75681686401367	-73.98339080810547	1989.868460453542
40.75681686401367	-73.98339080810547	1989.868460453542
40.75681686401367	-73.98339080810547	1989.868460453542
40.75681686401367	-73.98339080810547	1989.868460453542
40.75681686401367	-73.98339080810547	1989.868460453542
40.75681686401367	-73.98339080810547	1989.868460453542
40.75681686401367	-73.98339080810547	1989.868460453542
40.75681686401367	-73.98339080810547	1989.868460453542
40.75681686401367	-73.98339080810547	1989.868460453542
40.75681686401367	-73.98339080810547	1989.868460453542
40.75681686401367	-73.98339080810547	1989.868460453542
40.75644302368164	-73.98416900634766	3037.414015418396
40.75644302368164	-73.98416900634766	3037.414015418396
40.75644302368164	-73.98416900634766	3037.414015418396
40.75644302368164	-73.98416900634766	3037.414015418396
40.75644302368164	-73.98416900634766	3037.414015418396
40.75644302368164	-73.98416900634766	3037.414015418396
40.75644302368164	-73.98416900634766	3037.414015418396
40.75644302368164	-73.98416900634766	3037.414015418396
40.75644302368164	-73.98416900634766	3037.414015418396
40.75644302368164	-73.98416900634766	3037.414015418396
40.75644302368164	-73.98416900634766	3037.414015418396
40.75644302368164	-73.98416900634766	3037.414015418396
40.75644302368164	-73.98416900634766	3037.414015418396
40.75644302368164	-73.98416900634766	3037.414015418396
40.75644302368164	-73.98416900634766	3037.414015418396
40.75644302368164	-73.98416900634766	3037.414015418396
40.75644302368164	-73.98416900634766	3037.414015418396
40.75644302368164	-73.98416900634766	3037.414015418396
40.75644302368164	-73.98416900634766	3037.414015418396
40.75644302368164	-73.98416900634766	3037.414015418396
40.75644302368164	-73.98416900634766	3037.414015418396
40.75644302368164	-73.98416900634766	3037.414015418396
40.75644302368164	-73.98416900634766	3037.414015418396
40.75644302368164	-73.98416900634766	3037.414015418396
40.75644302368164	-73.98416900634766	3037.414015418396
40.75644302368164	-73.98416900634766	3037.414015418396
40.75644302368164	-73.98416900634766	3037.414015418396
40.75644302368164	-73.98416900634766	3037.414015418396
40.75644302368164	-73.98416900634766	3037.414015418396
40.75644302368164	-73.98416900634766	3037.414015418396
40.75644302368164	-73.98416900634766	3037.414015418396
40.75644302368164	-73.98416900634766	3037.414015418396
40.75644302368164	-73.98416900634766	3037.414015418396
40.75644302368164	-73.98416900634766	3037.414015418396
40.75644302368164	-73.98416900634766	3037.414015418396
40.75644302368164	-73.98416900634766	3037.414015418396
40.75644302368164	-73.98416900634766	3037.414015418396
40.75644302368164	-73.98416900634766	3037.414015418396
40.75644302368164	-73.98416900634766	3037.414015418396
40.75644302368164	-73.98416900634766	3037.414015418396
40.75644302368164	-73.98416900634766	3037.414015418396
40.75644302368164	-73.98416900634766	3037.414015418396
40.75644302368164	-73.98416900634766	3037.414015418396
40.75644302368164	-73.98416900634766	3037.414015418396
40.75644302368164	-73.98416900634766	3037.414015418396
40.75644302368164	-73.98416900634766	3037.414015418396
40.75644302368164	-73.98416900634766	3037.414015418396
40.75644302368164	-73.98416900634766	3037.414015418396
40.75644302368164	-73.98416900634766	3037.414015418396
40.75644302368164	-73.98416900634766	3037.414015418396
40.75644302368164	-73.98416900634766	3037.414015418396
40.75644302368164	-73.98416900634766	3037.414015418396
40.75644302368164	-73.98416900634766	3037.414015418396
40.75644302368164	-73.98416900634766	3037.414015418396
40.75644302368164	-73.98416900634766	3037.414015418396
40.75644302368164	-73.98416900634766	3037.414015418396
40.75644302368164	-73.98416900634766	3037.414015418396
40.75644302368164	-73.98416900634766	3037.414015418396
40.75644302368164	-73.98416900634766	3037.414015418396
40.75644302368164	-73.98416900634766	3037.414015418396
40.75644302368164	-73.98416900634766	3037.414015418396
40.75644302368164	-73.98416900634766	3037.414015418396
40.75644302368164	-73.98416900634766	3037.414015418396
40.75644302368164	-73.98416900634766	3037.414015418396
40.75644302368164	-73.98416900634766	3037.414015418396
40.75644302368164	-73.98416900634766	3037.414015418396
40.75644302368164	-73.98416900634766	3037.414015418396
40.75644302368164	-73.98416900634766	3037.414015418396
40.75644302368164	-73.98416900634766	3037.414015418396
40.75644302368164	-73.98416900634766	3037.414015418396
40.75644302368164	-73.98416900634766	3037.414015418396
40.75644302368164	-73.98416900634766	3037.414015418396
40.75644302368164	-73.98416900634766	3037.414015418396
40.75644302368164	-73.98416900634766	3037.414015418396
40.75644302368164	-73.98416900634766	3037.414015418396
40.75644302368164	-73.98416900634766	3037.414015418396
40.75644302368164	-73.98416900634766	3037.414015418396
40.75644302368164	-73.98416900634766	3037.414015418396
40.75644302368164	-73.98416900634766	3037.414015418396
40.75644302368164	-73.98416900634766	3037.414015418396
40.75644302368164	-73.98416900634766	3037.414015418396
40.75644302368164	-73.98416900634766	3037.414015418396
40.75644302368164	-73.98416900634766	3037.414015418396
40.75644302368164	-73.98416900634766	3037.414015418396
40.75644302368164	-73.98416900634766	3037.414015418396
40.75644302368164	-73.98416900634766	3037.414015418396
40.75644302368164	-73.98416900634766	3037.414015418396
40.75644302368164	-73.98416900634766	3037.414015418396
40.75615310668945	-73.9843978881836	2741.7593653096806
40.75615310668945	-73.9843978881836	2741.7593653096806
40.75615310668945	-73.9843978881836	2741.7593653096806
40.75615310668945	-73.9843978881836	2741.7593653096806
40.75615310668945	-73.9843978881836	2741.7593653096806
40.75615310668945	-73.9843978881836	2741.7593653096806
40.75615310668945	-73.9843978881836	2741.7593653096806
40.75615310668945	-73.9843978881836	2741.7593653096806
40.75615310668945	-73.9843978881836	2741.7593653096806
40.75615310668945	-73.9843978881836	2741.7593653096806
40.75615310668945	-73.9843978881836	2741.7593653096806
40.75615310668945	-73.9843978881836	2741.7593653096806
40.75615310668945	-73.9843978881836	2741.7593653096806
40.75615310668945	-73.9843978881836	2741.7593653096806
40.75615310668945	-73.9843978881836	2741.7593653096806
40.755767822265625	-73.98091888427734	1711.9371500783832
40.75148010253906	-73.982177734375	1724.0652313602693
40.75148010253906	-73.982177734375	1724.0652313602693
40.75148010253906	-73.982177734375	1724.0652313602693
40.75681686401367	-73.98339080810547	1989.868460453542
40.75681686401367	-73.98339080810547	1989.868460453542
40.75681686401367	-73.98339080810547	1989.868460453542
40.75681686401367	-73.98339080810547	1989.868460453542
40.75681686401367	-73.98339080810547	1989.868460453542
40.75681686401367	-73.98339080810547	1989.868460453542
40.75681686401367	-73.98339080810547	1989.868460453542
40.75681686401367	-73.98339080810547	1989.868460453542
40.75681686401367	-73.98339080810547	1989.868460453542
40.75681686401367	-73.98339080810547	1989.868460453542
40.75681686401367	-73.98339080810547	1989.868460453542
40.75681686401367	-73.98339080810547	1989.868460453542
40.75681686401367	-73.98339080810547	1989.868460453542
40.75681686401367	-73.98339080810547	1989.868460453542
40.75681686401367	-73.98339080810547	1989.868460453542
40.75681686401367	-73.98339080810547	1989.868460453542
40.75681686401367	-73.98339080810547	1989.868460453542
40.75681686401367	-73.98339080810547	1989.868460453542
40.75681686401367	-73.98339080810547	1989.868460453542
40.75681686401367	-73.98339080810547	1989.868460453542
40.75681686401367	-73.98339080810547	1989.868460453542
40.75681686401367	-73.98339080810547	1989.868460453542
40.75681686401367	-73.98339080810547	1989.868460453542
40.75681686401367	-73.98339080810547	1989.868460453542
40.75681686401367	-73.98339080810547	1989.868460453542
40.75681686401367	-73.98339080810547	1989.868460453542
40.75681686401367	-73.98339080810547	1989.868460453542
40.75681686401367	-73.98339080810547	1989.868460453542
40.75681686401367	-73.98339080810547	1989.868460453542
40.75681686401367	-73.98339080810547	1989.868460453542
40.75681686401367	-73.98339080810547	1989.868460453542
40.75681686401367	-73.98339080810547	1989.868460453542
40.75681686401367	-73.98339080810547	1989.868460453542
40.75681686401367	-73.98339080810547	1989.868460453542
40.75681686401367	-73.98339080810547	1989.868460453542
40.75681686401367	-73.98339080810547	1989.868460453542
40.75681686401367	-73.98339080810547	1989.868460453542
40.75681686401367	-73.98339080810547	1989.868460453542
40.75681686401367	-73.98339080810547	1989.868460453542
40.75681686401367	-73.98339080810547	1989.868460453542
40.75681686401367	-73.98339080810547	1989.868460453542
40.75681686401367	-73.98339080810547	1989.868460453542
40.75681686401367	-73.98339080810547	1989.868460453542
40.75681686401367	-73.98339080810547	1989.868460453542
40.75681686401367	-73.98339080810547	1989.868460453542
40.75681686401367	-73.98339080810547	1989.868460453542
40.75681686401367	-73.98339080810547	1989.868460453542
40.75681686401367	-73.98339080810547	1989.868460453542
40.75681686401367	-73.98339080810547	1989.868460453542
40.75681686401367	-73.98339080810547	1989.868460453542
40.75681686401367	-73.98339080810547	1989.868460453542
40.75681686401367	-73.98339080810547	1989.868460453542
40.75681686401367	-73.98339080810547	1989.868460453542
40.75681686401367	-73.98339080810547	1989.868460453542
40.75681686401367	-73.98339080810547	1989.868460453542
40.75681686401367	-73.98339080810547	1989.868460453542
40.75681686401367	-73.98339080810547	1989.868460453542
40.75681686401367	-73.98339080810547	1989.868460453542
40.75681686401367	-73.98339080810547	1989.868460453542
40.75681686401367	-73.98339080810547	1989.868460453542
40.75681686401367	-73.98339080810547	1989.868460453542
40.75681686401367	-73.98339080810547	1989.868460453542
40.75681686401367	-73.98339080810547	1989.868460453542
40.75681686401367	-73.98339080810547	1989.868460453542
40.75681686401367	-73.98339080810547	1989.868460453542
40.75681686401367	-73.98339080810547	1989.868460453542
40.75681686401367	-73.98339080810547	1989.868460453542
40.75681686401367	-73.98339080810547	1989.868460453542
40.75681686401367	-73.98339080810547	1989.868460453542
40.75681686401367	-73.98339080810547	1989.868460453542
40.75681686401367	-73.98339080810547	1989.868460453542
40.75644302368164	-73.98416900634766	3037.414015418396
40.75644302368164	-73.98416900634766	3037.414015418396
40.75644302368164	-73.98416900634766	3037.414015418396
40.75644302368164	-73.98416900634766	3037.414015418396
40.75644302368164	-73.98416900634766	3037.414015418396
40.75644302368164	-73.98416900634766	3037.414015418396
40.75644302368164	-73.98416900634766	3037.414015418396
40.75644302368164	-73.98416900634766	3037.414015418396
40.75644302368164	-73.98416900634766	3037.414015418396
40.75644302368164	-73.98416900634766	3037.414015418396
40.75644302368164	-73.98416900634766	3037.414015418396
40.75644302368164	-73.98416900634766	3037.414015418396
40.75644302368164	-73.98416900634766	3037.414015418396
40.75644302368164	-73.98416900634766	3037.414015418396
40.75644302368164	-73.98416900634766	3037.414015418396
40.75644302368164	-73.98416900634766	3037.414015418396
40.75644302368164	-73.98416900634766	3037.414015418396
40.75644302368164	-73.98416900634766	3037.414015418396
40.75644302368164	-73.98416900634766	3037.414015418396
40.75644302368164	-73.98416900634766	3037.414015418396
40.75644302368164	-73.98416900634766	3037.414015418396
40.75644302368164	-73.98416900634766	3037.414015418396
40.75644302368164	-73.98416900634766	3037.414015418396
40.75644302368164	-73.98416900634766	3037.414015418396
40.75644302368164	-73.98416900634766	3037.414015418396
40.75644302368164	-73.98416900634766	3037.414015418396
40.75644302368164	-73.98416900634766	3037.414015418396
40.75644302368164	-73.98416900634766	3037.414015418396
40.75644302368164	-73.98416900634766	3037.414015418396
40.75644302368164	-73.98416900634766	3037.414015418396
40.75644302368164	-73.98416900634766	3037.414015418396
40.75644302368164	-73.98416900634766	3037.414015418396
40.75644302368164	-73.98416900634766	3037.414015418396
40.75644302368164	-73.98416900634766	3037.414015418396
40.75644302368164	-73.98416900634766	3037.414015418396
40.75644302368164	-73.98416900634766	3037.414015418396
40.75644302368164	-73.98416900634766	3037.414015418396
40.75644302368164	-73.98416900634766	3037.414015418396
40.75644302368164	-73.98416900634766	3037.414015418396
40.75644302368164	-73.98416900634766	3037.414015418396
40.75644302368164	-73.98416900634766	3037.414015418396
40.75644302368164	-73.98416900634766	3037.414015418396
40.75644302368164	-73.98416900634766	3037.414015418396
40.75644302368164	-73.98416900634766	3037.414015418396
40.75644302368164	-73.98416900634766	3037.414015418396
40.75644302368164	-73.98416900634766	3037.414015418396
40.75644302368164	-73.98416900634766	3037.414015418396
40.75644302368164	-73.98416900634766	3037.414015418396
40.75644302368164	-73.98416900634766	3037.414015418396
40.75644302368164	-73.98416900634766	3037.414015418396
40.75644302368164	-73.98416900634766	3037.414015418396
40.75644302368164	-73.98416900634766	3037.414015418396
40.75644302368164	-73.98416900634766	3037.414015418396
40.75644302368164	-73.98416900634766	3037.414015418396
40.75644302368164	-73.98416900634766	3037.414015418396
40.75644302368164	-73.98416900634766	3037.414015418396
40.75644302368164	-73.98416900634766	3037.414015418396
40.75644302368164	-73.98416900634766	3037.414015418396
40.75644302368164	-73.98416900634766	3037.414015418396
40.75644302368164	-73.98416900634766	3037.414015418396
40.75644302368164	-73.98416900634766	3037.414015418396
40.75644302368164	-73.98416900634766	3037.414015418396
40.75644302368164	-73.98416900634766	3037.414015418396
40.75644302368164	-73.98416900634766	3037.414015418396
40.75644302368164	-73.98416900634766	3037.414015418396
40.75644302368164	-73.98416900634766	3037.414015418396
40.75644302368164	-73.98416900634766	3037.414015418396
40.75644302368164	-73.98416900634766	3037.414015418396
40.75644302368164	-73.98416900634766	3037.414015418396
40.75644302368164	-73.98416900634766	3037.414015418396
40.75644302368164	-73.98416900634766	3037.414015418396
40.75644302368164	-73.98416900634766	3037.414015418396
40.75644302368164	-73.98416900634766	3037.414015418396
40.75644302368164	-73.98416900634766	3037.414015418396
40.75644302368164	-73.98416900634766	3037.414015418396
40.75644302368164	-73.98416900634766	3037.414015418396
40.75644302368164	-73.98416900634766	3037.414015418396
40.75644302368164	-73.98416900634766	3037.414015418396
40.75644302368164	-73.98416900634766	3037.414015418396
40.75644302368164	-73.98416900634766	3037.414015418396
40.75644302368164	-73.98416900634766	3037.414015418396
40.75644302368164	-73.98416900634766	3037.414015418396
40.75644302368164	-73.98416900634766	3037.414015418396
40.75644302368164	-73.98416900634766	3037.414015418396
40.75644302368164	-73.98416900634766	3037.414015418396
40.75644302368164	-73.98416900634766	3037.414015418396
40.75644302368164	-73.98416900634766	3037.414015418396
40.75644302368164	-73.98416900634766	3037.414015418396
40.75615310668945	-73.9843978881836	2741.7593653096806
40.75615310668945	-73.9843978881836	2741.7593653096806
40.75615310668945	-73.9843978881836	2741.7593653096806
40.75615310668945	-73.9843978881836	2741.7593653096806
40.75615310668945	-73.9843978881836	2741.7593653096806
40.75615310668945	-73.9843978881836	2741.7593653096806
40.75615310668945	-73.9843978881836	2741.7593653096806
40.75615310668945	-73.9843978881836	2741.7593653096806
40.75615310668945	-73.9843978881836	2741.7593653096806
40.75615310668945	-73.9843978881836	2741.7593653096806
40.75615310668945	-73.9843978881836	2741.7593653096806
40.75615310668945	-73.9843978881836	2741.7593653096806
40.75615310668945	-73.9843978881836	2741.7593653096806
40.75615310668945	-73.9843978881836	2741.7593653096806
40.75615310668945	-73.9843978881836	2741.7593653096806
40.755767822265625	-73.98091888427734	1711.9371500783832
40.75148010253906	-73.982177734375	1724.0652313602693
40.75148010253906	-73.982177734375	1724.0652313602693
40.75148010253906	-73.982177734375	1724.0652313602693
40.76816940307617	-74.0230484008789	857.150994292319
40.75177764892578	-74.00496673583984	1180.7097749547818
40.75177764892578	-74.00496673583984	1180.7097749547818
40.75177764892578	-74.00496673583984	1180.7097749547818
40.75177764892578	-74.00496673583984	1180.7097749547818
40.75177764892578	-74.00496673583984	1180.7097749547818
40.75177764892578	-74.00496673583984	1180.7097749547818
40.75177764892578	-74.00496673583984	1180.7097749547818
40.75177764892578	-74.00496673583984	1180.7097749547818
40.75177764892578	-74.00496673583984	1180.7097749547818
40.76940155029297	-73.9795913696289	1657.6931564581505
40.76940155029297	-73.9795913696289	1657.6931564581505
40.76850509643555	-73.97987365722656	1695.0628771386505
40.76850509643555	-73.97987365722656	1695.0628771386505
40.76850509643555	-73.97987365722656	1695.0628771386505
40.76850509643555	-73.97987365722656	1695.0628771386505
40.76850509643555	-73.97987365722656	1695.0628771386505
40.76850509643555	-73.97987365722656	1695.0628771386505
40.76850509643555	-73.97987365722656	1695.0628771386505
40.76850509643555	-73.97987365722656	1695.0628771386505
40.76850509643555	-73.97987365722656	1695.0628771386505
40.76850509643555	-73.97987365722656	1695.0628771386505
40.76850509643555	-73.97987365722656	1695.0628771386505
40.76850509643555	-73.97987365722656	1695.0628771386505
40.76850509643555	-73.97987365722656	1695.0628771386505
40.76850509643555	-73.97987365722656	1695.0628771386505
40.76850509643555	-73.97987365722656	1695.0628771386505
40.76850509643555	-73.97987365722656	1695.0628771386505
40.76850509643555	-73.97987365722656	1695.0628771386505
40.76850509643555	-73.97987365722656	1695.0628771386505
40.76850509643555	-73.97987365722656	1695.0628771386505
40.76850509643555	-73.97987365722656	1695.0628771386505
40.76850509643555	-73.97987365722656	1695.0628771386505
40.76850509643555	-73.97987365722656	1695.0628771386505
40.76850509643555	-73.97987365722656	1695.0628771386505
40.76850509643555	-73.97987365722656	1695.0628771386505
40.76850509643555	-73.97987365722656	1695.0628771386505
40.76850509643555	-73.97987365722656	1695.0628771386505
40.76850509643555	-73.97987365722656	1695.0628771386505
40.76850509643555	-73.97987365722656	1695.0628771386505
40.76850509643555	-73.97987365722656	1695.0628771386505
40.76850509643555	-73.97987365722656	1695.0628771386505
40.76850509643555	-73.97987365722656	1695.0628771386505
40.76850509643555	-73.97987365722656	1695.0628771386505
40.76850509643555	-73.97987365722656	1695.0628771386505
40.76850509643555	-73.97987365722656	1695.0628771386505
40.76506805419922	-73.98188781738281	1457.2434585253575
40.76506805419922	-73.98188781738281	1457.2434585253575
40.76506805419922	-73.98188781738281	1457.2434585253575
40.76506805419922	-73.98188781738281	1457.2434585253575
40.76506805419922	-73.98188781738281	1457.2434585253575
40.76506805419922	-73.98188781738281	1457.2434585253575
40.76506805419922	-73.98188781738281	1457.2434585253575
40.76506805419922	-73.98188781738281	1457.2434585253575
40.76506805419922	-73.98188781738281	1457.2434585253575
40.76506805419922	-73.98188781738281	1457.2434585253575
40.76506805419922	-73.98188781738281	1457.2434585253575
40.76506805419922	-73.98188781738281	1457.2434585253575
40.76506805419922	-73.98188781738281	1457.2434585253575
40.76506805419922	-73.98188781738281	1457.2434585253575
40.76506805419922	-73.98188781738281	1457.2434585253575
40.76506805419922	-73.98188781738281	1457.2434585253575
40.76506805419922	-73.98188781738281	1457.2434585253575
40.76506805419922	-73.98188781738281	1457.2434585253575
40.76506805419922	-73.98188781738281	1457.2434585253575
40.76506805419922	-73.98188781738281	1457.2434585253575
40.76506805419922	-73.98188781738281	1457.2434585253575
40.76506805419922	-73.98188781738281	1457.2434585253575
40.76506805419922	-73.98188781738281	1457.2434585253575
40.76506805419922	-73.98188781738281	1457.2434585253575
40.76506805419922	-73.98188781738281	1457.2434585253575
40.76506805419922	-73.98188781738281	1457.2434585253575
40.76506805419922	-73.98188781738281	1457.2434585253575
40.76506805419922	-73.98188781738281	1457.2434585253575
40.76506805419922	-73.98188781738281	1457.2434585253575
40.76506805419922	-73.98188781738281	1457.2434585253575
40.76506805419922	-73.98188781738281	1457.2434585253575
40.76506805419922	-73.98188781738281	1457.2434585253575
40.76506805419922	-73.98188781738281	1457.2434585253575
40.76506805419922	-73.98188781738281	1457.2434585253575
40.76506805419922	-73.98188781738281	1457.2434585253575
40.76506805419922	-73.98188781738281	1457.2434585253575
40.76506805419922	-73.98188781738281	1457.2434585253575
40.76506805419922	-73.98188781738281	1457.2434585253575
40.76506805419922	-73.98188781738281	1457.2434585253575
40.76506805419922	-73.98188781738281	1457.2434585253575
40.76506805419922	-73.98188781738281	1457.2434585253575
40.76506805419922	-73.98188781738281	1457.2434585253575
40.76506805419922	-73.98188781738281	1457.2434585253575
40.76506805419922	-73.98188781738281	1457.2434585253575
40.76506805419922	-73.98188781738281	1457.2434585253575
40.76506805419922	-73.98188781738281	1457.2434585253575
40.76506805419922	-73.98188781738281	1457.2434585253575
40.76506805419922	-73.98188781738281	1457.2434585253575
40.76506805419922	-73.98188781738281	1457.2434585253575
40.76506805419922	-73.98188781738281	1457.2434585253575
40.76506805419922	-73.98188781738281	1457.2434585253575
40.76506805419922	-73.98188781738281	1457.2434585253575
40.76506805419922	-73.98188781738281	1457.2434585253575
40.76506805419922	-73.98188781738281	1457.2434585253575
40.76506805419922	-73.98188781738281	1457.2434585253575
40.76506805419922	-73.98188781738281	1457.2434585253575
40.76506805419922	-73.98188781738281	1457.2434585253575
40.76979064941406	-73.9810562133789	1632.5983755495765
40.76567077636719	-73.9806900024414	1517.9420775955275
40.76567077636719	-73.9806900024414	1517.9420775955275
40.76567077636719	-73.9806900024414	1517.9420775955275
40.76567077636719	-73.9806900024414	1517.9420775955275
40.76567077636719	-73.9806900024414	1517.9420775955275
40.76567077636719	-73.9806900024414	1517.9420775955275
40.76567077636719	-73.9806900024414	1517.9420775955275
40.7657585144043	-73.98023986816406	1532.7322748984257
40.756893157958984	-73.96649169921875	1220.7764197771626
40.7613410949707	-73.96635437011719	1250.4353935597273
40.7780876159668	-73.94891357421875	1201.1221428099614
40.7780876159668	-73.94891357421875	1201.1221428099614
40.7780876159668	-73.94891357421875	1201.1221428099614
40.7780876159668	-73.94891357421875	1201.1221428099614
40.7780876159668	-73.94891357421875	1201.1221428099614
40.7780876159668	-73.94891357421875	1201.1221428099614
40.7780876159668	-73.94891357421875	1201.1221428099614
40.7780876159668	-73.94891357421875	1201.1221428099614
40.7780876159668	-73.94891357421875	1201.1221428099614
40.7780876159668	-73.94891357421875	1201.1221428099614
40.7780876159668	-73.94891357421875	1201.1221428099614
40.7780876159668	-73.94891357421875	1201.1221428099614
40.7780876159668	-73.94891357421875	1201.1221428099614
40.7780876159668	-73.94891357421875	1201.1221428099614
40.7780876159668	-73.94891357421875	1201.1221428099614
40.7780876159668	-73.94891357421875	1201.1221428099614
40.7780876159668	-73.94891357421875	1201.1221428099614
40.7780876159668	-73.94891357421875	1201.1221428099614
40.7780876159668	-73.94891357421875	1201.1221428099614
40.7780876159668	-73.94891357421875	1201.1221428099614
40.7780876159668	-73.94891357421875	1201.1221428099614
40.7780876159668	-73.94891357421875	1201.1221428099614
40.7780876159668	-73.94891357421875	1201.1221428099614
40.7780876159668	-73.94891357421875	1201.1221428099614
40.7780876159668	-73.94891357421875	1201.1221428099614
40.780941009521484	-73.9537124633789	1632.6771265356224
40.780941009521484	-73.9537124633789	1632.6771265356224
40.780941009521484	-73.9537124633789	1632.6771265356224
40.780941009521484	-73.9537124633789	1632.6771265356224
40.780941009521484	-73.9537124633789	1632.6771265356224
40.780941009521484	-73.9537124633789	1632.6771265356224
40.780941009521484	-73.9537124633789	1632.6771265356224
40.780941009521484	-73.9537124633789	1632.6771265356224
40.780941009521484	-73.9537124633789	1632.6771265356224
40.780941009521484	-73.9537124633789	1632.6771265356224
40.780941009521484	-73.9537124633789	1632.6771265356224
40.780941009521484	-73.9537124633789	1632.6771265356224
40.780941009521484	-73.9537124633789	1632.6771265356224
40.780941009521484	-73.9537124633789	1632.6771265356224
40.780941009521484	-73.9537124633789	1632.6771265356224
40.780941009521484	-73.9537124633789	1632.6771265356224
40.780941009521484	-73.9537124633789	1632.6771265356224
40.780941009521484	-73.9537124633789	1632.6771265356224
40.780941009521484	-73.9537124633789	1632.6771265356224
40.780941009521484	-73.9537124633789	1632.6771265356224
40.780941009521484	-73.9537124633789	1632.6771265356224
40.780941009521484	-73.9537124633789	1632.6771265356224
40.780941009521484	-73.9537124633789	1632.6771265356224
40.780941009521484	-73.9537124633789	1632.6771265356224
40.780941009521484	-73.9537124633789	1632.6771265356224
40.780941009521484	-73.9537124633789	1632.6771265356224
40.780941009521484	-73.9537124633789	1632.6771265356224
40.780941009521484	-73.9537124633789	1632.6771265356224
40.780941009521484	-73.9537124633789	1632.6771265356224
40.780941009521484	-73.9537124633789	1632.6771265356224
40.780941009521484	-73.9537124633789	1632.6771265356224
40.780941009521484	-73.9537124633789	1632.6771265356224
40.780941009521484	-73.9537124633789	1632.6771265356224
40.780941009521484	-73.9537124633789	1632.6771265356224
40.780941009521484	-73.9537124633789	1632.6771265356224
40.780941009521484	-73.9537124633789	1632.6771265356224
40.780941009521484	-73.9537124633789	1632.6771265356224
40.780941009521484	-73.9537124633789	1632.6771265356224
40.780941009521484	-73.9537124633789	1632.6771265356224
40.780941009521484	-73.9537124633789	1632.6771265356224
40.780941009521484	-73.9537124633789	1632.6771265356224
40.780941009521484	-73.9537124633789	1632.6771265356224
40.780941009521484	-73.9537124633789	1632.6771265356224
40.780941009521484	-73.9537124633789	1632.6771265356224
40.780941009521484	-73.9537124633789	1632.6771265356224
40.780941009521484	-73.9537124633789	1632.6771265356224
40.780941009521484	-73.9537124633789	1632.6771265356224
40.780941009521484	-73.9537124633789	1632.6771265356224
40.780941009521484	-73.9537124633789	1632.6771265356224
40.780941009521484	-73.9537124633789	1632.6771265356224
40.780941009521484	-73.9537124633789	1632.6771265356224
40.780941009521484	-73.9537124633789	1632.6771265356224
40.780941009521484	-73.9537124633789	1632.6771265356224
40.780941009521484	-73.9537124633789	1632.6771265356224
40.780941009521484	-73.9537124633789	1632.6771265356224
40.780941009521484	-73.9537124633789	1632.6771265356224
40.780941009521484	-73.9537124633789	1632.6771265356224
40.780941009521484	-73.9537124633789	1632.6771265356224
40.780941009521484	-73.9537124633789	1632.6771265356224
40.780941009521484	-73.9537124633789	1632.6771265356224
40.780941009521484	-73.9537124633789	1632.6771265356224
40.780941009521484	-73.9537124633789	1632.6771265356224
40.780941009521484	-73.9537124633789	1632.6771265356224
40.780941009521484	-73.9537124633789	1632.6771265356224
40.780941009521484	-73.9537124633789	1632.6771265356224
40.780941009521484	-73.9537124633789	1632.6771265356224
40.780941009521484	-73.9537124633789	1632.6771265356224
40.780941009521484	-73.9537124633789	1632.6771265356224
40.780941009521484	-73.9537124633789	1632.6771265356224
40.780941009521484	-73.9537124633789	1632.6771265356224
40.780941009521484	-73.9537124633789	1632.6771265356224
40.780941009521484	-73.9537124633789	1632.6771265356224
40.780941009521484	-73.9537124633789	1632.6771265356224
40.780941009521484	-73.9537124633789	1632.6771265356224
40.780941009521484	-73.9537124633789	1632.6771265356224
40.780941009521484	-73.9537124633789	1632.6771265356224
40.780941009521484	-73.9537124633789	1632.6771265356224
40.780941009521484	-73.9537124633789	1632.6771265356224
40.780941009521484	-73.9537124633789	1632.6771265356224
40.780941009521484	-73.9537124633789	1632.6771265356224
40.780941009521484	-73.9537124633789	1632.6771265356224
40.780941009521484	-73.9537124633789	1632.6771265356224
40.780941009521484	-73.9537124633789	1632.6771265356224
40.780941009521484	-73.9537124633789	1632.6771265356224
40.780941009521484	-73.9537124633789	1632.6771265356224
40.780941009521484	-73.9537124633789	1632.6771265356224
40.780941009521484	-73.9537124633789	1632.6771265356224
40.780941009521484	-73.9537124633789	1632.6771265356224
40.780941009521484	-73.9537124633789	1632.6771265356224
40.780941009521484	-73.9537124633789	1632.6771265356224
40.780941009521484	-73.9537124633789	1632.6771265356224
40.780941009521484	-73.9537124633789	1632.6771265356224
40.780941009521484	-73.9537124633789	1632.6771265356224
40.780941009521484	-73.9537124633789	1632.6771265356224
40.780941009521484	-73.9537124633789	1632.6771265356224
40.780941009521484	-73.9537124633789	1632.6771265356224
40.780941009521484	-73.9537124633789	1632.6771265356224
40.780941009521484	-73.9537124633789	1632.6771265356224
40.780941009521484	-73.9537124633789	1632.6771265356224
40.780941009521484	-73.9537124633789	1632.6771265356224
40.780941009521484	-73.9537124633789	1632.6771265356224
40.780941009521484	-73.9537124633789	1632.6771265356224
40.780941009521484	-73.9537124633789	1632.6771265356224
40.780941009521484	-73.9537124633789	1632.6771265356224
40.780941009521484	-73.9537124633789	1632.6771265356224
40.780941009521484	-73.9537124633789	1632.6771265356224
40.780941009521484	-73.9537124633789	1632.6771265356224
40.780941009521484	-73.9537124633789	1632.6771265356224
40.780941009521484	-73.9537124633789	1632.6771265356224
40.780941009521484	-73.9537124633789	1632.6771265356224
40.780941009521484	-73.9537124633789	1632.6771265356224
40.780941009521484	-73.9537124633789	1632.6771265356224
40.780941009521484	-73.9537124633789	1632.6771265356224
40.780941009521484	-73.9537124633789	1632.6771265356224
40.780941009521484	-73.9537124633789	1632.6771265356224
40.780941009521484	-73.9537124633789	1632.6771265356224
40.780941009521484	-73.9537124633789	1632.6771265356224
40.780941009521484	-73.9537124633789	1632.6771265356224
40.780941009521484	-73.9537124633789	1632.6771265356224
40.780941009521484	-73.9537124633789	1632.6771265356224
40.780941009521484	-73.9537124633789	1632.6771265356224
40.780941009521484	-73.9537124633789	1632.6771265356224
40.780941009521484	-73.9537124633789	1632.6771265356224
40.780941009521484	-73.9537124633789	1632.6771265356224
40.780941009521484	-73.9537124633789	1632.6771265356224
40.77417755126953	-73.95404052734375	1264.3948626203337
40.77417755126953	-73.95404052734375	1264.3948626203337
40.77417755126953	-73.95404052734375	1264.3948626203337
40.77417755126953	-73.95404052734375	1264.3948626203337
40.77417755126953	-73.95404052734375	1264.3948626203337
40.77417755126953	-73.95404052734375	1264.3948626203337
40.77417755126953	-73.95404052734375	1264.3948626203337
40.77417755126953	-73.95404052734375	1264.3948626203337
40.77417755126953	-73.95404052734375	1264.3948626203337
40.77417755126953	-73.95404052734375	1264.3948626203337
40.77417755126953	-73.95404052734375	1264.3948626203337
40.77417755126953	-73.95404052734375	1264.3948626203337
40.77417755126953	-73.95404052734375	1264.3948626203337
40.77417755126953	-73.95404052734375	1264.3948626203337
40.77417755126953	-73.95404052734375	1264.3948626203337
40.77417755126953	-73.95404052734375	1264.3948626203337
40.77417755126953	-73.95404052734375	1264.3948626203337
40.77417755126953	-73.95404052734375	1264.3948626203337
40.77417755126953	-73.95404052734375	1264.3948626203337
40.77417755126953	-73.95404052734375	1264.3948626203337
40.77417755126953	-73.95404052734375	1264.3948626203337
40.77417755126953	-73.95404052734375	1264.3948626203337
40.77417755126953	-73.95404052734375	1264.3948626203337
40.77417755126953	-73.95404052734375	1264.3948626203337
40.77417755126953	-73.95404052734375	1264.3948626203337
40.77417755126953	-73.95404052734375	1264.3948626203337
40.77417755126953	-73.95404052734375	1264.3948626203337
40.77417755126953	-73.95404052734375	1264.3948626203337
40.77417755126953	-73.95404052734375	1264.3948626203337
40.77417755126953	-73.95404052734375	1264.3948626203337
40.77417755126953	-73.95404052734375	1264.3948626203337
40.77417755126953	-73.95404052734375	1264.3948626203337
40.77417755126953	-73.95404052734375	1264.3948626203337
40.77417755126953	-73.95404052734375	1264.3948626203337
40.77417755126953	-73.95404052734375	1264.3948626203337
40.77417755126953	-73.95404052734375	1264.3948626203337
40.77417755126953	-73.95404052734375	1264.3948626203337
40.77417755126953	-73.95404052734375	1264.3948626203337
40.77417755126953	-73.95404052734375	1264.3948626203337
40.77417755126953	-73.95404052734375	1264.3948626203337
40.77417755126953	-73.95404052734375	1264.3948626203337
40.77417755126953	-73.95404052734375	1264.3948626203337
40.77417755126953	-73.95404052734375	1264.3948626203337
40.77417755126953	-73.95404052734375	1264.3948626203337
40.77417755126953	-73.95404052734375	1264.3948626203337
40.77417755126953	-73.95404052734375	1264.3948626203337
40.77417755126953	-73.95404052734375	1264.3948626203337
40.77417755126953	-73.95404052734375	1264.3948626203337
40.77417755126953	-73.95404052734375	1264.3948626203337
40.77417755126953	-73.95404052734375	1264.3948626203337
40.77417755126953	-73.95404052734375	1264.3948626203337
40.77417755126953	-73.95404052734375	1264.3948626203337
40.77417755126953	-73.95404052734375	1264.3948626203337
40.77417755126953	-73.95404052734375	1264.3948626203337
40.77417755126953	-73.95404052734375	1264.3948626203337
40.77417755126953	-73.95404052734375	1264.3948626203337
40.77417755126953	-73.95404052734375	1264.3948626203337
40.77417755126953	-73.95404052734375	1264.3948626203337
40.77417755126953	-73.95404052734375	1264.3948626203337
40.77417755126953	-73.95404052734375	1264.3948626203337
40.77417755126953	-73.95404052734375	1264.3948626203337
40.77417755126953	-73.95404052734375	1264.3948626203337
40.77417755126953	-73.95404052734375	1264.3948626203337
40.77417755126953	-73.95404052734375	1264.3948626203337
40.77417755126953	-73.95404052734375	1264.3948626203337
40.77417755126953	-73.95404052734375	1264.3948626203337
40.77417755126953	-73.95404052734375	1264.3948626203337
40.77417755126953	-73.95404052734375	1264.3948626203337
40.77417755126953	-73.95404052734375	1264.3948626203337
40.77417755126953	-73.95404052734375	1264.3948626203337
40.77417755126953	-73.95404052734375	1264.3948626203337
40.77417755126953	-73.95404052734375	1264.3948626203337
40.77417755126953	-73.95404052734375	1264.3948626203337
40.77417755126953	-73.95404052734375	1264.3948626203337
40.77417755126953	-73.95404052734375	1264.3948626203337
40.77417755126953	-73.95404052734375	1264.3948626203337
40.77417755126953	-73.95404052734375	1264.3948626203337
40.77417755126953	-73.95404052734375	1264.3948626203337
40.77417755126953	-73.95404052734375	1264.3948626203337
40.77417755126953	-73.95404052734375	1264.3948626203337
40.77417755126953	-73.95404052734375	1264.3948626203337
40.77417755126953	-73.95404052734375	1264.3948626203337
40.77417755126953	-73.95404052734375	1264.3948626203337
40.77417755126953	-73.95404052734375	1264.3948626203337
40.77417755126953	-73.95404052734375	1264.3948626203337
40.77417755126953	-73.95404052734375	1264.3948626203337
40.77417755126953	-73.95404052734375	1264.3948626203337
40.77417755126953	-73.95404052734375	1264.3948626203337
40.77417755126953	-73.95404052734375	1264.3948626203337
40.77417755126953	-73.95404052734375	1264.3948626203337
40.77417755126953	-73.95404052734375	1264.3948626203337
40.77417755126953	-73.95404052734375	1264.3948626203337
40.77417755126953	-73.95404052734375	1264.3948626203337
40.77417755126953	-73.95404052734375	1264.3948626203337
40.77417755126953	-73.95404052734375	1264.3948626203337
40.77417755126953	-73.95404052734375	1264.3948626203337
40.77417755126953	-73.95404052734375	1264.3948626203337
40.77417755126953	-73.95404052734375	1264.3948626203337
40.77417755126953	-73.95404052734375	1264.3948626203337
40.77417755126953	-73.95404052734375	1264.3948626203337
40.77417755126953	-73.95404052734375	1264.3948626203337
40.77417755126953	-73.95404052734375	1264.3948626203337
40.77417755126953	-73.95404052734375	1264.3948626203337
40.77417755126953	-73.95404052734375	1264.3948626203337
40.77417755126953	-73.95404052734375	1264.3948626203337
40.77417755126953	-73.95404052734375	1264.3948626203337
40.77417755126953	-73.95404052734375	1264.3948626203337
40.77417755126953	-73.95404052734375	1264.3948626203337
40.77417755126953	-73.95404052734375	1264.3948626203337
40.77334213256836	-73.96212768554688	1204.868082931002
40.77334213256836	-73.96212768554688	1204.868082931002
40.77334213256836	-73.96212768554688	1204.868082931002
40.77334213256836	-73.96212768554688	1204.868082931002
40.77334213256836	-73.96212768554688	1204.868082931002
40.77334213256836	-73.96212768554688	1204.868082931002
40.77334213256836	-73.96212768554688	1204.868082931002
40.77334213256836	-73.96212768554688	1204.868082931002
40.77334213256836	-73.96212768554688	1204.868082931002
40.77334213256836	-73.96212768554688	1204.868082931002
40.77334213256836	-73.96212768554688	1204.868082931002
40.77334213256836	-73.96212768554688	1204.868082931002
40.77334213256836	-73.96212768554688	1204.868082931002
40.77334213256836	-73.96212768554688	1204.868082931002
40.77334213256836	-73.96212768554688	1204.868082931002
40.77334213256836	-73.96212768554688	1204.868082931002
40.77334213256836	-73.96212768554688	1204.868082931002
40.77334213256836	-73.96212768554688	1204.868082931002
40.77334213256836	-73.96212768554688	1204.868082931002
40.77334213256836	-73.96212768554688	1204.868082931002
40.77334213256836	-73.96212768554688	1204.868082931002
40.77334213256836	-73.96212768554688	1204.868082931002
40.77334213256836	-73.96212768554688	1204.868082931002
40.77334213256836	-73.96212768554688	1204.868082931002
40.77334213256836	-73.96212768554688	1204.868082931002
40.77334213256836	-73.96212768554688	1204.868082931002
40.77334213256836	-73.96212768554688	1204.868082931002
40.77334213256836	-73.96212768554688	1204.868082931002
40.77851104736328	-73.9571304321289	1443.808343573467
40.77851104736328	-73.9571304321289	1443.808343573467
40.776702880859375	-73.95612335205078	1377.8350049638946
40.776702880859375	-73.95612335205078	1377.8350049638946
40.779640197753906	-73.95146942138672	1339.0562233445478
40.779640197753906	-73.95146942138672	1339.0562233445478
40.779640197753906	-73.95146942138672	1339.0562233445478
40.779640197753906	-73.95146942138672	1339.0562233445478
40.779640197753906	-73.95146942138672	1339.0562233445478
40.779640197753906	-73.95146942138672	1339.0562233445478
40.779640197753906	-73.95146942138672	1339.0562233445478
40.779640197753906	-73.95146942138672	1339.0562233445478
40.779640197753906	-73.95146942138672	1339.0562233445478
40.779640197753906	-73.95146942138672	1339.0562233445478
40.779640197753906	-73.95146942138672	1339.0562233445478
40.779640197753906	-73.95146942138672	1339.0562233445478
40.779640197753906	-73.95146942138672	1339.0562233445478
40.779640197753906	-73.95146942138672	1339.0562233445478
40.779640197753906	-73.95146942138672	1339.0562233445478
40.779640197753906	-73.95146942138672	1339.0562233445478
40.779640197753906	-73.95146942138672	1339.0562233445478
40.779640197753906	-73.95146942138672	1339.0562233445478
40.779640197753906	-73.95146942138672	1339.0562233445478
40.779640197753906	-73.95146942138672	1339.0562233445478
40.779640197753906	-73.95146942138672	1339.0562233445478
40.779640197753906	-73.95146942138672	1339.0562233445478
40.779640197753906	-73.95146942138672	1339.0562233445478
40.779640197753906	-73.95146942138672	1339.0562233445478
40.779640197753906	-73.95146942138672	1339.0562233445478
40.779640197753906	-73.95146942138672	1339.0562233445478
40.779640197753906	-73.95146942138672	1339.0562233445478
40.779640197753906	-73.95146942138672	1339.0562233445478
40.779640197753906	-73.95146942138672	1339.0562233445478
40.779640197753906	-73.95146942138672	1339.0562233445478
40.779640197753906	-73.95146942138672	1339.0562233445478
40.779640197753906	-73.95146942138672	1339.0562233445478
40.779640197753906	-73.95146942138672	1339.0562233445478
40.779640197753906	-73.95146942138672	1339.0562233445478
40.779640197753906	-73.95146942138672	1339.0562233445478
40.779640197753906	-73.95146942138672	1339.0562233445478
40.779640197753906	-73.95146942138672	1339.0562233445478
40.779640197753906	-73.95146942138672	1339.0562233445478
40.779640197753906	-73.95146942138672	1339.0562233445478
40.779640197753906	-73.95146942138672	1339.0562233445478
40.779640197753906	-73.95146942138672	1339.0562233445478
40.779640197753906	-73.95146942138672	1339.0562233445478
40.779640197753906	-73.95146942138672	1339.0562233445478
40.779640197753906	-73.95146942138672	1339.0562233445478
40.779640197753906	-73.95146942138672	1339.0562233445478
40.779640197753906	-73.95146942138672	1339.0562233445478
40.779640197753906	-73.95146942138672	1339.0562233445478
40.779640197753906	-73.95146942138672	1339.0562233445478
40.779640197753906	-73.95146942138672	1339.0562233445478
40.779640197753906	-73.95146942138672	1339.0562233445478
40.779640197753906	-73.95146942138672	1339.0562233445478
40.779640197753906	-73.95146942138672	1339.0562233445478
40.779640197753906	-73.95146942138672	1339.0562233445478
40.779640197753906	-73.95146942138672	1339.0562233445478
